,created_at,id_str,full_text,quote_count,reply_count,retweet_count,favorite_count,lang,user_id_str,conversation_id_str,username,tweet_url
0,Fri Dec 15 04:04:44 +0000 2023,1735511179781656951,"@dedy_pram Pastilah, Prabowo Anies nggak punya prestasi...",0,0,0,0,in,797761417894051840,1735147124734787952,MarahIchsan,https://twitter.com/MarahIchsan/status/1735511179781656951
1,Fri Dec 15 04:04:33 +0000 2023,1735511136202813536,Suasana pedesaan memang selalu menyenangkan... udara segar dengan rimbunnya tumbuhan hijau... sungai jernih penuh ikan-ikan kecil sampai besar yg menarik ...  Angin Dieng yg Gacoan Adidas Semalem bukan Ordal Anies https://t.co/7BXHMzo2Kn,0,0,0,0,in,936445409605459968,1735511136202813536,Agung_wiyo,https://twitter.com/Agung_wiyo/status/1735511136202813536
2,Fri Dec 15 04:04:31 +0000 2023,1735511127524851742,Program anies hanyalah mengubah nama rumah sakit se Indonesia wkwk!!  JUNGKOOK IS COMING olivia Gacoan Daesang BANGTAN DEBUT Karina #BABYMONSTER #DeathsGame Wonbin BATTER UP 100M VIEWS https://t.co/q63OMtb3Ka,0,0,0,0,in,768652236,1735511127524851742,Alfakton_i,https://twitter.com/Alfakton_i/status/1735511127524851742
3,Fri Dec 15 04:04:27 +0000 2023,1735511110340825410,@kumparan @aniesbaswedan anies... BERBOHONG DAN NIPU TANPA RASA BERSALAH,0,0,0,0,in,1710823909275410432,1735145861896925316,justtheway333,https://twitter.com/justtheway333/status/1735511110340825410
4,Fri Dec 15 04:04:26 +0000 2023,1735511105630540090,Tidak Bicara Sesuai Fakta! Anies Dengan Lantang Sebut Lampung Tidak Mempunyai Alat Pemantau Polusi Udara   Gacoan | Anies | gempa | Daesang | Pagii | BATTER UP 100M VIEWS | pilihan terbaik | #SUHOinAAA | #NightHasComeEp8 | #NCTDREAMxSALMASALSABIL https://t.co/9ubCGtY30v,0,0,1,1,in,1661757337554784264,1735511103046893580,singgihabdrchmn,https://twitter.com/singgihabdrchmn/status/1735511105630540090
5,Fri Dec 15 04:04:25 +0000 2023,1735511103046893580,"Prabowo Sindir Anies Baswedan: APBD Paling Besar, Tapi Kok Mas Anies Gagal Memimpin Jakarta!  Gacoan | Anies | gempa | Daesang | Pagii | BATTER UP 100M VIEWS | pilihan terbaik | #SUHOinAAA | #NightHasComeEp8 | #NCTDREAMxSALMASALSABIL https://t.co/5ftxD8kCsB",0,1,1,1,in,1661757337554784264,1735511103046893580,singgihabdrchmn,https://twitter.com/singgihabdrchmn/status/1735511103046893580
6,Fri Dec 15 04:04:15 +0000 2023,1735511059925229872,"@hasyimmah Alesan harus jelas dan pak anies sudah menjelaskan sejelas jelas nya,masih engga paham?dungu berarti",0,0,0,1,in,3157194798,1735191540715458961,7f33229758ab489,https://twitter.com/7f33229758ab489/status/1735511059925229872
7,Fri Dec 15 04:04:13 +0000 2023,1735511049322025409,@brochandra @ainunnajib Wow mantap sekali. Apakah ini artinya bro Anies akan menjadi presiden RI?,0,0,0,0,in,353739058,1735452750002217316,MisterMarmut,https://twitter.com/MisterMarmut/status/1735511049322025409
8,Fri Dec 15 04:04:12 +0000 2023,1735511048718045241,"@ajengcute16__ saya dulu belajar majas  kelas 8 SMP,saya paham apa yang dibilang pak anies. kalo yang ga paham mungkin belum mengenyam kelas 8.",0,0,0,0,in,1410420836499066883,1735153591063814316,id_edx,https://twitter.com/id_edx/status/1735511048718045241
9,Fri Dec 15 04:04:03 +0000 2023,1735511008104620433,"@tvOneNews Kasian kiki, padahal itu fakta, memang si anies jago berkata kata saja demi menarik simpati, padahal implementasinya dijamin NOL. Cth waktu jd mentri dan gubernur aja, kerja nya standar banget. #AniesMuhaimin2024 #AMIN",0,0,0,0,in,1596864352174604288,1735465213535891471,bimasakti_2013,https://twitter.com/bimasakti_2013/status/1735511008104620433
10,Fri Dec 15 04:04:00 +0000 2023,1735510995450388662,@strike_bravo_b anaknya anies cakep bener. dua anak capres yang mukanya ga tengil. üòÇüòÇ,0,0,0,1,in,743346458871488513,1735508463508484156,FrankSudiro,https://twitter.com/FrankSudiro/status/1735510995450388662
11,Fri Dec 15 04:03:57 +0000 2023,1735510983098105976,"@detikcom Partai yg mendukung pak Anies juga tdk tahan menjadi oposisi,Nasdem dan PKB tuh msh ada yg jabat mentri dan Imin msh jabat wakil ketua DPRRI nampaknya betah banget dgn kekuasaan,MUNDUR DONG",0,0,0,0,in,1395713255637585923,1735509991207936347,Budionotaslim3,https://twitter.com/Budionotaslim3/status/1735510983098105976
12,Fri Dec 15 04:03:57 +0000 2023,1735510982112526577,@blakcrws @ciroooo17 @abu_mahdzuroh Lah dia juga dulu dukung Prabowo yg lebih liberal dari Anies ü§£  HRS itu lebih ke anti jokowi-pdip sejak kasus ahok üòÇ,0,0,0,0,in,1587433143724044289,1735270449578479821,milktearoll,https://twitter.com/milktearoll/status/1735510982112526577
13,Fri Dec 15 04:03:55 +0000 2023,1735510976945181142,"@zenrs Asli rada hoream euy, ceunah kebebasan berpendapat. Sugan teh geus balik deui jadi Anies era Nurcholis Madjid Memorial Lecture..",0,0,0,0,in,880952622143815680,1735500075961618513,chandraknows,https://twitter.com/chandraknows/status/1735510976945181142
14,Fri Dec 15 04:03:53 +0000 2023,1735510969391231101,Tidak Bicara Sesuai Fakta! Anies Dengan Lantang Sebut Lampung Tidak Mempunyai Alat Pemantau Polusi Udara   Gacoan | Anies | gempa | Daesang | Pagii | BATTER UP 100M VIEWS | pilihan terbaik | #SUHOinAAA | #NightHasComeEp8 | #NCTDREAMxSALMASALSABIL https://t.co/tRKFoSFe2g,0,0,1,1,in,1661666670648397831,1735510966669066276,AlirizaOctarina,https://twitter.com/AlirizaOctarina/status/1735510969391231101
15,Fri Dec 15 04:03:53 +0000 2023,1735510966669066276,"Prabowo Sindir Anies Baswedan: APBD Paling Besar, Tapi Kok Mas Anies Gagal Memimpin Jakarta!  Gacoan | Anies | gempa | Daesang | Pagii | BATTER UP 100M VIEWS | pilihan terbaik | #SUHOinAAA | #NightHasComeEp8 | #NCTDREAMxSALMASALSABIL https://t.co/md7FP2HoqF",0,1,1,1,in,1661666670648397831,1735510966669066276,AlirizaOctarina,https://twitter.com/AlirizaOctarina/status/1735510966669066276
16,Fri Dec 15 04:03:43 +0000 2023,1735510926038856059,Itu yang bilang Anies modal kata doang tapi pacarannya di Eco Park Tebet musuhin aja,0,0,0,0,in,1014773160011395072,1735510926038856059,visav99,https://twitter.com/visav99/status/1735510926038856059
17,Fri Dec 15 04:03:41 +0000 2023,1735510916551381115,@imanlagi Tapi sayangnya kebanyakan msh pendukung anies yg dateng mas. Baru yg di lampung kemaren berani bgt.  Tapi ya mereka juga kayaknya bisa dibilang takut sih kalo hadepan lgsg buat desak anies wkwk,0,0,0,0,in,1361747261818949632,1735509271000088881,dolken234,https://twitter.com/dolken234/status/1735510916551381115
18,Fri Dec 15 04:03:37 +0000 2023,1735510898473844903,@nur595912246375 @jansen_jsp @PDemokrat Anies dan PKS,0,0,0,0,in,1531651010292199424,1735252069156868313,Aby_zaky_,https://twitter.com/Aby_zaky_/status/1735510898473844903
19,Fri Dec 15 04:03:33 +0000 2023,1735510885169570172,Gerindra Bantah soal Anies Bilang Prabowo Bisnisnya Macet Gegara Jadi Oposisi¬† https://t.co/eCtiuAJFsg,0,0,0,0,in,788744100,1735510885169570172,Riau24Com,https://twitter.com/Riau24Com/status/1735510885169570172
20,Fri Dec 15 04:03:31 +0000 2023,1735510873652023642,"@dhemit_is_back Anies ikut dalam menguburkan Harun tahun 2019, ada beritanya itu. Apakah masih dikatakan HOAX padahal beliau ikut dalam penguburannya.",0,0,0,0,in,1709037131220611072,1735506368474517614,nameItAllSarah,https://twitter.com/nameItAllSarah/status/1735510873652023642
21,Fri Dec 15 04:03:29 +0000 2023,1735510866005835831,Anies Baswedan menjawab pertanyaan debat dengan bukti nyata kinerja yang sangat memuaskan.,0,0,0,0,in,1698967732455366656,1735510866005835831,wavetoraln,https://twitter.com/wavetoraln/status/1735510866005835831
22,Fri Dec 15 04:03:26 +0000 2023,1735510855348105423,"@kangmaspri @tobenaccro Anies tuh cerdas, terutama soal janji transportasi, jaklingko, dan mau rekrut pak iganisus pula. pemilih dia sudah banyak tadi nya, kurang bijak aja kenapa harus bawa¬≤ ulama, Gimana kalo pendeta/pastor/pemimpin agama lain juga di pertimbangkan opini nya? kenapa hanya cuman ulama",0,0,0,0,in,1443581379657093129,1735477274798149774,sofiamarahmarah,https://twitter.com/sofiamarahmarah/status/1735510855348105423
23,Fri Dec 15 04:03:24 +0000 2023,1735510845860549115,"@Dahnilanzar karakter wowo vs anies jauhlah lah bang....mbok legowo aja..Anies dapat simpati publik meluas sedang wowo sebaliknya.....sesederhana itu dipahaminya....jgn sampai kita jd parasocial relationship disorder""""",0,0,0,0,in,1238501999567486977,1735228668971254020,ahmadba83911331,https://twitter.com/ahmadba83911331/status/1735510845860549115
24,Fri Dec 15 04:03:23 +0000 2023,1735510842073108772,"@savicali Kalau kita = ga bisa kerja di bidang nya tapi jago nyindir orang lain, anies?",0,0,0,0,in,36875940,1735485418894971276,yogi_Halim,https://twitter.com/yogi_Halim/status/1735510842073108772
25,Fri Dec 15 04:03:20 +0000 2023,1735510829133680704,"@andre_rosiade Paragraf satu udah dijelasin sama Pa Anies sendiri. Tonton geh videonya. Biar paham konteks. Ape2 ditelen mentah2.  Paragraf kedua, itu namanya pamrih. Katanya paling ikhlas? Ko diungkit lagi? Ko nyapres lagi?  Paragraf ketiga, etika katanya bro awokwokwok mending ngaca dulu dah",0,0,0,0,in,1625477489245171714,1735204525517177333,ontonowhere,https://twitter.com/ontonowhere/status/1735510829133680704
26,Fri Dec 15 04:03:18 +0000 2023,1735510818601804091,Tidak Bicara Sesuai Fakta! Anies Dengan Lantang Sebut Lampung Tidak Mempunyai Alat Pemantau Polusi Udara   Gacoan | Anies | gempa | Daesang | Pagii | BATTER UP 100M VIEWS | pilihan terbaik | #SUHOinAAA | #NightHasComeEp8 | #NCTDREAMxSALMASALSABIL https://t.co/IzWK82Tb4u,0,0,1,1,in,1648504180871684101,1735510815531565456,dsukinah,https://twitter.com/dsukinah/status/1735510818601804091
27,Fri Dec 15 04:03:17 +0000 2023,1735510815531565456,"Prabowo Sindir Anies Baswedan: APBD Paling Besar, Tapi Kok Mas Anies Gagal Memimpin Jakarta!  Gacoan | Anies | gempa | Daesang | Pagii | BATTER UP 100M VIEWS | pilihan terbaik | #SUHOinAAA | #NightHasComeEp8 | #NCTDREAMxSALMASALSABIL https://t.co/ZHEpLQ7F2a",0,1,1,1,in,1648504180871684101,1735510815531565456,dsukinah,https://twitter.com/dsukinah/status/1735510815531565456
28,Fri Dec 15 04:03:15 +0000 2023,1735510807470039380,"@aldapstsr Oh itu anaknya Anies, emang cantik banget. Senyumnya apalagi",0,0,0,0,in,1641775330263465984,1735338899130778011,jongwonrp,https://twitter.com/jongwonrp/status/1735510807470039380
29,Fri Dec 15 04:03:14 +0000 2023,1735510805360329199,Anies selalu berkomitmen untuk mewujudkan perubahan positif demi kebaikan masyarakatnya dan negaranya. https://t.co/TdCz876agg,0,0,0,0,in,1698967732455366656,1735510805360329199,wavetoraln,https://twitter.com/wavetoraln/status/1735510805360329199
30,Fri Dec 15 04:03:13 +0000 2023,1735510799744106523,"Kemenangan Anies di gub DKI, di klaim penuh oleh prabowo dan gerindra, baik dari dukungan dan modal logistik, menurut @andre_rosiade .   Sungguh kesombongan, dengan menghilangkan jasa2 dari partai2 lain, relawan2 dan rakyat DKI di pilgub DKI. Mereka lebih berjasa",0,0,0,0,in,145959630,1735510799744106523,seven7_7up,https://twitter.com/seven7_7up/status/1735510799744106523
31,Fri Dec 15 04:03:12 +0000 2023,1735510796413853742,"Selama masa jabatannya sebagai Gubernur, Anies  telah memimpin berbagai proyek
pembangunan untuk kesejahteraan rakyatnya.",0,0,0,0,in,1698967732455366656,1735510796413853742,wavetoraln,https://twitter.com/wavetoraln/status/1735510796413853742
32,Fri Dec 15 04:03:07 +0000 2023,1735510775672995960,Anies Baswedan mengajak warganya untuk menunjukkan kekuatan bangsa dengan semangat perjuangan.,0,0,0,0,in,1698967732455366656,1735510775672995960,wavetoraln,https://twitter.com/wavetoraln/status/1735510775672995960
33,Fri Dec 15 04:03:02 +0000 2023,1735510751765557661,Pemikiran Anies dalam debat perdananya Tidak sedikit yang mampu menciptakan perubahan positif di masyarakat.,0,0,0,0,in,1698967732455366656,1735510751765557661,wavetoraln,https://twitter.com/wavetoraln/status/1735510751765557661
34,Fri Dec 15 04:03:01 +0000 2023,1735510749613789569,"@ndaphie8 @ekowboy2 Anies angkat alis nggak ada,dan nggak pernah yg ada itu menggunakan fakedeep AIü§£ü§£ü§£ü§£dasar para buzzer polri sukanya buat fitnah",0,0,0,0,in,3006251442,1735242089888465223,zainalarifin083,https://twitter.com/zainalarifin083/status/1735510749613789569
35,Fri Dec 15 04:02:58 +0000 2023,1735510735047041283,2019 anies jd gubernur dan ikut pilpres krn ada prabowo. 2024 anies dicalonkan nasdem apa salahnya? Nasdem jeli krn negara butuh sosok seperti anies dan rakyat INGIN PERUBAHAN untuk KEADILAN SOSIAL BAGI SELURUH RAKYAT INDONESIA.  #2024ANIESIMIN #2024ANIESIMIN,0,0,0,0,in,1543593106171625473,1735510735047041283,Adam03072022,https://twitter.com/Adam03072022/status/1735510735047041283
36,Fri Dec 15 04:02:57 +0000 2023,1735510730852762049,"Dengan berbagai inisiatifnya dalam mengembangkan Jakarta, Anies telah menjadi contoh nyata bagi banyak orang",0,0,0,0,in,1698967732455366656,1735510730852762049,wavetoraln,https://twitter.com/wavetoraln/status/1735510730852762049
37,Fri Dec 15 04:02:57 +0000 2023,1735510730697510968,@kumparan @aniesbaswedan ordal anies profesional dan berintegritas,0,0,0,0,in,1636159842363768833,1735145861896925316,FierCollec6141,https://twitter.com/FierCollec6141/status/1735510730697510968
38,Fri Dec 15 04:02:55 +0000 2023,1735510723852374145,@Paltiwest @dee__1209 Anies Baswedan dan Muhaimin Iskandar dong .. Untuk Indonesia Lebih Baik,0,0,0,0,in,1610923700240650241,1735146150712517084,tj_harianto,https://twitter.com/tj_harianto/status/1735510723852374145
39,Fri Dec 15 04:02:51 +0000 2023,1735510708991992091,"Dalam debat, Ada banyak buah pemikiran Anies yang pada akhirnya memang benar-benar bermanfaat untuk pencerdasan warga negara. https://t.co/L5QX6Dlnnv",0,0,0,0,in,1698967732455366656,1735510708991992091,wavetoraln,https://twitter.com/wavetoraln/status/1735510708991992091
40,Fri Dec 15 04:02:51 +0000 2023,1735510705724649868,@saludosparatii @fullmoonfolks Udah rahasia umum lah. Ga usah ditutupi bagaimana Anies menikmati politik identitas ini. Dia betul-betul ambil Untung,0,0,0,0,in,314965741,1735324372494365109,Fahmy_TEGAL,https://twitter.com/Fahmy_TEGAL/status/1735510705724649868
41,Fri Dec 15 04:02:49 +0000 2023,1735510700733157591,"Anies Baswedan Dituding Capres Banyak Janji, Timnas AMIN: Janji Kita Terukur!  https://t.co/YvnQ6tiYgx",0,0,0,0,in,1592886017446793218,1735510700733157591,polhukamid_,https://twitter.com/polhukamid_/status/1735510700733157591
42,Fri Dec 15 04:02:45 +0000 2023,1735510682215555366,Anies telah mendedikasikan dirinya untuk membangun Jakarta menjadi kota yang,,,,,,,,,
maju. https://t.co/4W1EL87zUr,0,0,0,0,in,1698967732455366656,1735510682215555366,wavetoraln,https://twitter.com/wavetoraln/status/1735510682215555366,,,
43,Fri Dec 15 04:02:41 +0000 2023,1735510665727791513,"@Raden_Mas_Budi @Heraloebss Hanya org¬≤ cerdas yg paham apa yg disampaikan pak anies.   Tapi klo otaknya cetek, males mikir, pasti penilaiannya njelimet üòÑü§£",0,0,0,0,in,3329869879,1735289534336868841,SubhanDanil,https://twitter.com/SubhanDanil/status/1735510665727791513
44,Fri Dec 15 04:02:41 +0000 2023,1735510664154907045,Tidak Bicara Sesuai Fakta! Anies Dengan Lantang Sebut Lampung Tidak Mempunyai Alat Pemantau Polusi Udara   Gacoan | Anies | gempa | Daesang | Pagii | BATTER UP 100M VIEWS | pilihan terbaik | #SUHOinAAA | #NightHasComeEp8 | #NCTDREAMxSALMASALSABIL https://t.co/qzPIthUfzr,0,0,1,1,in,1648500391741632515,1735510661629931741,aryaawiigunaa,https://twitter.com/aryaawiigunaa/status/1735510664154907045
45,Fri Dec 15 04:02:40 +0000 2023,1735510661629931741,"Prabowo Sindir Anies Baswedan: APBD Paling Besar, Tapi Kok Mas Anies Gagal Memimpin Jakarta!  Gacoan | Anies | gempa | Daesang | Pagii | BATTER UP 100M VIEWS | pilihan terbaik | #SUHOinAAA | #NightHasComeEp8 | #NCTDREAMxSALMASALSABIL https://t.co/68t7N26QZJ",0,1,1,1,in,1648500391741632515,1735510661629931741,aryaawiigunaa,https://twitter.com/aryaawiigunaa/status/1735510661629931741
46,Fri Dec 15 04:02:40 +0000 2023,1735510661470540157,Anies telah,,,,,,,,,
membuktikan dirinya sebagai pemimpin yang berfokus pada mencari solusi bagi permasalahan,,,,,,,,,,,,
yang dihadapi oleh kota Jakarta. https://t.co/iCEMtZtMXc,0,0,0,0,in,1698967732455366656,1735510661470540157,wavetoraln,https://twitter.com/wavetoraln/status/1735510661470540157,,,
47,Fri Dec 15 04:02:40 +0000 2023,1735510660325556444,"@Tan_Mar3M BuzzerRp paslon no 2 sudah kehabisan akal &amp  narasi untuk serang ANIES, makanya pakai methode Fitnah recehan.",0,0,0,0,in,518191393,1735503780396032202,antaz345,https://twitter.com/antaz345/status/1735510660325556444
48,Fri Dec 15 04:02:32 +0000 2023,1735510628427862052,"Anies membangun Jakarta yang lebih berkelanjutan, ramah lingkungan,
dan memastikan bahwa pertumbuhan kota memberikan manfaat bagi seluruh warga. https://t.co/mqCglWHP1s",0,0,0,0,in,1698967732455366656,1735510628427862052,wavetoraln,https://twitter.com/wavetoraln/status/1735510628427862052
49,Fri Dec 15 04:02:32 +0000 2023,1735510625831501990,"@andre_rosiade Janji sdh tdk ditunaikan tdk nyapres selama masa @aniesbaswedan jabat Gub. DKI kalau sdh selesai ya selesailah janjinya (mission accomplished). Smp kpn pak Anies boleh nyapres kl tiap priode @prabowo kalah¬≤ terus &amp  nyapres¬≤ terus? Etika koyol, tau!",0,0,0,0,in,90842269,1735204525517177333,t0d1_cool,https://twitter.com/t0d1_cool/status/1735510625831501990
50,Fri Dec 15 04:02:25 +0000 2023,1735510596609867946,@geloraco Foodeatate gagal.. pesawat tempur rongsokan..hutang Kemenhan trilyunan adalah bentuk kebengisan pada 270 juta lebih rakyat Indonesia. Saya sarankan tim TKN tolong banyak¬≤ bercermin sebelum menyerang pak Anies. Akhlak kalian sudah pada benar ya.,0,0,0,0,in,1626070342132445185,1735473606774435842,UmmiYusniar,https://twitter.com/UmmiYusniar/status/1735510596609867946
51,Fri Dec 15 04:02:24 +0000 2023,1735510592809828404,"@yogi_bubu @masakanrasako ga bang aman, anies pernah tegor rijik suruh bayar denda kok waktu buat kerumunan pas covid itu buktinya!",0,0,0,0,in,1033361979501473795,1735490716313571675,rihan_ribi,https://twitter.com/rihan_ribi/status/1735510592809828404
52,Fri Dec 15 04:02:24 +0000 2023,1735510592180625422,"@do_adoo @qronoz Gw lagi gak bahas DKI. Setelah debat, jujur gw udah melunak sama Anies dan siap menerima kemungkinan dia jadi Presiden.  Gw ngomong gitu setelah baca ttg berita Kontrak Politik.   Anyway, seperti di twit awal gw, DKI ‚â† Negara.",0,1,0,0,in,194930736,1735291515680006341,footycinephile,https://twitter.com/footycinephile/status/1735510592180625422
53,Fri Dec 15 04:02:17 +0000 2023,1735510565060227189,@m_indra_kurnia @PrabuSantoso1 @sobat_anies @PartaiSocmed Iya. Tapi kok disurvey. Kok bisa unggul ya,0,0,0,0,in,1682584140821184515,1735286126708150534,riyanto442799,https://twitter.com/riyanto442799/status/1735510565060227189
54,Fri Dec 15 04:02:15 +0000 2023,1735510556524888381,"@ch_chotimah2 Buni yani mengatakan yang memotong video pidato Ahok adalah tim cybernya Prabowo. Jadi ketimbang Anies yg tak punya masa, maka yg lebih bertanggungjawab seharusnya Prabowo yg menggerakan kelompok brutal 212...",0,0,0,1,in,1333338628383068161,1735216962832351536,DylanBr03197352,https://twitter.com/DylanBr03197352/status/1735510556524888381
55,Fri Dec 15 04:02:14 +0000 2023,1735510552838074680,@Muhammad_Saewad La emang pengusung anies pkb nasdem oposisi?,0,0,0,0,in,1330887554929868800,1734575455238586656,Bobon589,https://twitter.com/Bobon589/status/1735510552838074680
56,Fri Dec 15 04:02:11 +0000 2023,1735510539533746261,@bukanbuzzerRp @PartaiSocmed buzzer anies yang follower ribuan juga klo tweet di bayar ya?,0,0,0,0,in,1709392924486823936,1735215245139066989,pecandujudi,https://twitter.com/pecandujudi/status/1735510539533746261
57,Fri Dec 15 04:02:11 +0000 2023,1735510538434826490,Tidak Bicara Sesuai Fakta! Anies Dengan Lantang Sebut Lampung Tidak Mempunyai Alat Pemantau Polusi Udara   Gacoan | Anies | gempa | Daesang | Pagii | BATTER UP 100M VIEWS | pilihan terbaik | #SUHOinAAA | #NightHasComeEp8 | #NCTDREAMxSALMASALSABIL https://t.co/phrHdZxWUT,0,0,1,1,in,1648498308527304712,1735510535423336919,bagasangkas,https://twitter.com/bagasangkas/status/1735510538434826490
58,Fri Dec 15 04:02:10 +0000 2023,1735510535423336919,"Prabowo Sindir Anies Baswedan: APBD Paling Besar, Tapi Kok Mas Anies Gagal Memimpin Jakarta!  Gacoan | Anies | gempa | Daesang | Pagii | BATTER UP 100M VIEWS | pilihan terbaik | #SUHOinAAA | #NightHasComeEp8 | #NCTDREAMxSALMASALSABIL https://t.co/Lbvw4f00d9",0,1,1,1,in,1648498308527304712,1735510535423336919,bagasangkas,https://twitter.com/bagasangkas/status/1735510535423336919
59,Fri Dec 15 04:02:08 +0000 2023,1735510528221642864,"@chadlvn @ARSIPAJA Anies bagus sebenernya itu kuncinya sih ka. Yg belakang jg ga bisa ngapa2in, kecuali kalau aniesnya yg busuk baru bahaya. Kalau presiden skrg saya ga berani komen yg kasar, khawatir knp2.",0,0,0,0,in,1313013142851477504,1735304772981518471,beyoubeau,https://twitter.com/beyoubeau/status/1735510528221642864
60,Fri Dec 15 04:02:08 +0000 2023,1735510526229373275,@BosPurwa Gak layak jadi presiden' pantesan gak pernah menang ..... Dulu saya dukung karena hanya 2 pilihan.... Sekarang Anies paling layak dari semuanya,0,0,0,0,in,1177801937783099393,1734853374695354729,SoniS81984310,https://twitter.com/SoniS81984310/status/1735510526229373275
61,Fri Dec 15 04:02:01 +0000 2023,1735510497984926073,"@TaufikRendusara Dulu sih 2 kali milih dia, sekarang sih udah makin yakin pilih Anies üëçüëç https://t.co/ZxMw7Z2mQI",0,0,0,1,in,58707978,1735186771523297661,arifienz,https://twitter.com/arifienz/status/1735510497984926073
62,Fri Dec 15 04:01:50 +0000 2023,1735510453139218607,"Anies Baswedan Dituding Capres Banyak Janji, Timnas AMIN: Janji Kita Terukur! https://t.co/4e00XR8bE6",0,0,0,0,in,1662344532627976192,1735510453139218607,geloradotnews,https://twitter.com/geloradotnews/status/1735510453139218607
63,Fri Dec 15 04:01:49 +0000 2023,1735510447514599609,"Anies Baswedan Dituding Capres Banyak Janji, Timnas AMIN: Janji Kita Terukur! https://t.co/xwyROT10Fn",0,0,0,0,in,1466815910518263808,1735510447514599609,idtodaycoid,https://twitter.com/idtodaycoid/status/1735510447514599609
64,Fri Dec 15 04:01:42 +0000 2023,1735510419056501239,Wkwkwk pendukung Anies kek gini,0,0,0,0,in,1370604191052263427,1735510419056501239,selow_mas,https://twitter.com/selow_mas/status/1735510419056501239
65,Fri Dec 15 04:01:40 +0000 2023,1735510410978275492,"@VIVAcoid Waktu debat perdana, Pak Anies menunjukkan sebagai politisi yang intelek dengan setelan jas dan peci",0,0,0,0,in,1698967732455366656,1734896467255624084,wavetoraln,https://twitter.com/wavetoraln/status/1735510410978275492
66,Fri Dec 15 04:01:39 +0000 2023,1735510406096121862,@bungdree @tvOneNews @kikysaputrii @aniesbaswedan Yg disampaikan kiky malah bagus kok. Justru memuji anies,0,0,0,0,in,107559359,1735064446119399647,shafirgora,https://twitter.com/shafirgora/status/1735510406096121862
67,Fri Dec 15 04:01:37 +0000 2023,1735510396285616144,"@VIVAcoid Terlihat dalam debat, Anies selalu memiliki
kemampuan merancang dan menerapkan solusi-solusi kreatif.",0,0,0,0,in,1698967732455366656,1734896467255624084,wavetoraln,https://twitter.com/wavetoraln/status/1735510396285616144
68,Fri Dec 15 04:01:34 +0000 2023,1735510385388913059,"@VIVAcoid Selama debat, Anies memiliki banyak solusi mengenai masalah ketimpangan yang terjadi di Indonesia.",0,0,0,0,in,1698967732455366656,1734896467255624084,wavetoraln,https://twitter.com/wavetoraln/status/1735510385388913059
69,Fri Dec 15 04:01:32 +0000 2023,1735510377491001795,Tidak Bicara Sesuai Fakta! Anies Dengan Lantang Sebut Lampung Tidak Mempunyai Alat Pemantau Polusi Udara   Gacoan | Anies | gempa | Daesang | Pagii | BATTER UP 100M VIEWS | pilihan terbaik | #SUHOinAAA | #NightHasComeEp8 | #NCTDREAMxSALMASALSABIL https://t.co/vmMBn6nQQa,0,0,1,1,in,1648495361353482242,1735510374693404951,roziiputraa,https://twitter.com/roziiputraa/status/1735510377491001795
70,Fri Dec 15 04:01:32 +0000 2023,1735510374693404951,"Prabowo Sindir Anies Baswedan: APBD Paling Besar, Tapi Kok Mas Anies Gagal Memimpin Jakarta!  Gacoan | Anies | gempa | Daesang | Pagii | BATTER UP 100M VIEWS | pilihan terbaik | #SUHOinAAA | #NightHasComeEp8 | #NCTDREAMxSALMASALSABIL https://t.co/93yTT01LL9",0,1,1,1,in,1648495361353482242,1735510374693404951,roziiputraa,https://twitter.com/roziiputraa/status/1735510374693404951
71,Fri Dec 15 04:01:32 +0000 2023,1735510374114574703,"@VIVAcoid Selama debat nya, Anies memperkenalkan program-program untuk solusi
dari masalah yang ada seperti dalam penididikan, transportasi, lingkungan.",0,1,0,0,in,1698967732455366656,1734896467255624084,wavetoraln,https://twitter.com/wavetoraln/status/1735510374114574703
72,Fri Dec 15 04:01:31 +0000 2023,1735510369752457261,@romeogadungan Seinget ku 212 itu yg datang makruf amin sama Jokowi üòÇ anies ga ada datang acara 212 di monas,0,0,0,0,in,1171806780243886080,1735243507487723799,IlhamDhaani,https://twitter.com/IlhamDhaani/status/1735510369752457261
73,Fri Dec 15 04:01:28 +0000 2023,1735510360202093044,@VIVAcoid Anies adalah pemimpin yang selalu berusaha menawarkan solusi dalam,,,,,,,,,
menghadapi permasalahan perkotaan.,0,0,0,0,in,1698967732455366656,1734896467255624084,wavetoraln,https://twitter.com/wavetoraln/status/1735510360202093044,,,
74,Fri Dec 15 04:01:26 +0000 2023,1735510349259087925,"@VIVAcoid Anies mendominasi debat pertama dengan retorika yang baik. Dia menilai Anies punya keleluasaan menyerang gagasan dua kandidat lain karena mengusung visi perubahan"".""",0,0,0,0,in,1698967732455366656,1734896467255624084,wavetoraln,https://twitter.com/wavetoraln/status/1735510349259087925
75,Fri Dec 15 04:01:23 +0000 2023,1735510337590341977,di ganjar sama prabowo sama2 ada mantan napi korupsi yang jadi timses resmi nasional. di anies ada ga sih?,0,0,0,0,in,1362417861117976580,1735510337590341977,huftbosan,https://twitter.com/huftbosan/status/1735510337590341977
76,Fri Dec 15 04:01:23 +0000 2023,1735510336374292710,"@VIVAcoid Selama debat berlangsung, Anies menunjukkan gambaran diri sebagai seorang yang terpelajar.",0,0,0,0,in,1698967732455366656,1734896467255624084,wavetoraln,https://twitter.com/wavetoraln/status/1735510336374292710
77,Fri Dec 15 04:01:21 +0000 2023,1735510331726950775,"Haiii BESTie...!!  Disaat debat perdana capres-cawapres kemaren malam menyisakan momen yang dramatis, dimana sang pangeran lupa kalau dia lagi berada di area mimbar debat bukan pertandingan bola, apalagi sang pangeran sampai ngos-ngosan. . Awokawokawok  Gacoan Anies Semalem Ordal https://t.co/r3AW3moon6",0,0,0,0,in,1290494259791933443,1735510331726950775,rasa2086,https://twitter.com/rasa2086/status/1735510331726950775
78,Fri Dec 15 04:01:21 +0000 2023,1735510330103775715,anies si dablek habiskan uang negara 80 triliun tapi tak bisa atasi polusi!!  JUNGKOOK IS COMING olivia Gacoan Daesang BANGTAN DEBUT Karina #BABYMONSTER #DeathsGame Wonbin BATTER UP 100M VIEWS https://t.co/kgDM3rcXKd,0,0,0,0,in,768652236,1735510330103775715,Alfakton_i,https://twitter.com/Alfakton_i/status/1735510330103775715
79,Fri Dec 15 04:01:19 +0000 2023,1735510322851787161,"@KEWALORENZO @bobby_risakotta Ayo Bli Ketut maen2 lah ke Jakarta, biar bisa merasakan kemajuan Jakarta sejak dipimpin Anies.",0,0,0,0,in,174865703,1734797606147277280,luppe75,https://twitter.com/luppe75/status/1735510322851787161
80,Fri Dec 15 04:01:19 +0000 2023,1735510322738511970,"@VIVAcoid selama debat, Anies dapat tampil dengan tenang dalam menjelaskan segala pertanyaan atas permasalahan yang dibahas dalam debat.",0,0,0,0,in,1698967732455366656,1734896467255624084,wavetoraln,https://twitter.com/wavetoraln/status/1735510322738511970
81,Fri Dec 15 04:01:18 +0000 2023,1735510315859878301,@sobat_anies @PartaiSocmed @PartaiSocmed dikasih fakta nih,0,0,0,0,in,1112309436389842944,1735286126708150534,Tegar42671449,https://twitter.com/Tegar42671449/status/1735510315859878301
82,Fri Dec 15 04:01:18 +0000 2023,1735510315557876071,@PrabuSantoso1 @wasleee @sobat_anies @PartaiSocmed Iya ya. Saya jdi malu. Ini cari presiden lo  bukan ketua rt,0,0,0,0,in,1682584140821184515,1735286126708150534,riyanto442799,https://twitter.com/riyanto442799/status/1735510315557876071
83,Fri Dec 15 04:01:17 +0000 2023,1735510311636258991,"@VIVAcoid Dalam debatnya, Anies hendak memanfaatkan tren yang populer di sosial media untuk menyebarluaskan kritik. Terutama, kritik tentang kemerdekaan berpendapat.",0,0,0,0,in,1698967732455366656,1734896467255624084,wavetoraln,https://twitter.com/wavetoraln/status/1735510311636258991
84,Fri Dec 15 04:01:16 +0000 2023,1735510308540862724,"@andre_rosiade pak Anies berjanji kepada warga Jakarta  u menjalankan amanah smpai tuntas memimpin ibu kota jakarta, apakh itu salah bang?, kl skrg pak Anies berniat membawa perubahan apakh itu juga salah dan tdk beretika bang?..rekam jejak sdh terbukti beliau menuntaskan amanah memimpin jkt",0,0,0,0,in,1606517662938411008,1735204525517177333,Apriansyah1977,https://twitter.com/Apriansyah1977/status/1735510308540862724
85,Fri Dec 15 04:01:16 +0000 2023,1735510308456894507,"@VIVAcoid Anies seorang pemimpin yang memiliki semangat yang luar biasa, terkenal dalam solusinya untuk menghadapi berbagai tantangan. https://t.co/tUS4OwQg6k",0,0,0,0,in,1698967732455366656,1734896467255624084,wavetoraln,https://twitter.com/wavetoraln/status/1735510308456894507
86,Fri Dec 15 04:01:14 +0000 2023,1735510300433191242,@VIVAcoid Anies memiliki kemampuan eksekusi atau implementasi kebijakan yang dilakukan dengan sungguh-sungguh untuk mencapai hasil yang diharapkan.,0,0,0,0,in,1698967732455366656,1734896467255624084,wavetoraln,https://twitter.com/wavetoraln/status/1735510300433191242
87,Fri Dec 15 04:01:11 +0000 2023,1735510289280557533,@VIVAcoid Anies adalah contoh nyata seorang pemimpin yang memiliki semangat yang tak tergoyahkan.,0,0,0,0,in,1698967732455366656,1734896467255624084,wavetoraln,https://twitter.com/wavetoraln/status/1735510289280557533
88,Fri Dec 15 04:01:11 +0000 2023,1735510287586128194,"@jansen_jsp @prabowo Analisa mu kalau jujur bkn itu sebenarnya, anda sebenarnya pintar menganalisa tp demi si buah hati menjadi tidak sesuai dengan hati nurani...sebenarnya pa wowo sdh emosi tp untuk menahan emosi nya diucapkan lah mas anies...mas anies...",0,0,0,0,in,1693804031196696576,1734804153854255203,RJstak,https://twitter.com/RJstak/status/1735510287586128194
89,Fri Dec 15 04:01:08 +0000 2023,1735510274801795262,@VIVAcoid Saya menilai Anies berhasil menjelaskan permasalahan yang muncul di dalam debat secara konkret.,0,0,0,0,in,1698967732455366656,1734896467255624084,wavetoraln,https://twitter.com/wavetoraln/status/1735510274801795262
90,Fri Dec 15 04:01:07 +0000 2023,1735510269428912636,üìöRekomendasi Buku Anaküìö  ‚ú®untuk anak usia 1-7 tahun ‚ú®buku full gambar+warna ‚ú®bisa buat koleksi  tag: besok Senin Selasa Rabu Kamis Jumatberkah Sabtu malam mingguan malmingan pagiii sarapan masih makan siang gacoan Anies Surabaya gempa Olivia hari ibu dana Ginting desember https://t.co/Q16U8kxbRZ,0,1,2,2,in,1595670516471586817,1735510269428912636,maniss_you,https://twitter.com/maniss_you/status/1735510269428912636
91,Fri Dec 15 04:01:05 +0000 2023,1735510263716336054,@VIVAcoid Anies adalah sosok yang memiliki tekad luar biasa dalam menghadapi rintangan yang menghadangnya.,0,0,0,0,in,1698967732455366656,1734896467255624084,wavetoraln,https://twitter.com/wavetoraln/status/1735510263716336054
92,Fri Dec 15 04:01:02 +0000 2023,1735510252098138367,@VIVAcoid Anies selalu menunjukkan keteguhan dan tekad yang luar biasa dalam mencari solusi untuk mewujudkan visi dan misinya dalam memajukan daerah.,0,0,0,0,in,1698967732455366656,1734896467255624084,wavetoraln,https://twitter.com/wavetoraln/status/1735510252098138367
93,Fri Dec 15 04:00:59 +0000 2023,1735510238881861875,@VIVAcoid Pakar Komunikasi Politik Universitas Brawijaya Verdi Firmantoro juga menilai Anies sebagai Capres yang runut dalam menyampaikan materi debat.,0,0,0,0,in,1698967732455366656,1734896467255624084,wavetoraln,https://twitter.com/wavetoraln/status/1735510238881861875
94,Fri Dec 15 04:00:58 +0000 2023,1735510235077652830,"@VIVAcoid Dengan
komitmennya terhadap perbaikan dan pembangunan, Anies telah menciptakan landasan untuk masa depan yang lebih baik. https://t.co/CitrDuODND",0,0,0,0,in,1698967732455366656,1734896467255624084,wavetoraln,https://twitter.com/wavetoraln/status/1735510235077652830
95,Fri Dec 15 04:00:57 +0000 2023,1735510228354187760,"@andre_rosiade Takut banget ya da, Anies jadi presiden... Saya yang berdarah Sumbar malu juga sama kengototan Anda membela Prabowo",0,0,0,0,in,361636468,1735204525517177333,tekiwo,https://twitter.com/tekiwo/status/1735510228354187760
96,Fri Dec 15 04:00:51 +0000 2023,1735510203435766197,"@detikcom @detiksumut_ Ya waktu itu UAS sadar, bahwa kita harus pilih sandal jepit atau bakiak. Sama buruknya, tapi harus tetap memilih. Sekarang ada Anies dan Ganjar yg lebih punya ide dan gagasan. Maka, sandal jepit pun ditinggalkan.",0,0,0,0,in,1715976959661133825,1735142952006258995,BellaSumarni,https://twitter.com/BellaSumarni/status/1735510203435766197
97,Fri Dec 15 04:00:50 +0000 2023,1735510198620709373,"@VIVAcoid Setelah melihat debat, Saya menilau Anies Pemimpin yang selalu memiliki solusi dalam menghadapi berbagai rintangan. https://t.co/R9QSWwFUDk",0,0,0,0,in,1698967732455366656,1734896467255624084,wavetoraln,https://twitter.com/wavetoraln/status/1735510198620709373
98,Fri Dec 15 04:00:42 +0000 2023,1735510168048439570,"@VIVAcoid Sangat terlihat dalam debat capres 2024, Anies Baswedan Capres yang bisa menjawab pertanyaan dengan jawaban yang memuaskan. https://t.co/GVYPQn70jU",0,0,0,1,in,1698967732455366656,1734896467255624084,wavetoraln,https://twitter.com/wavetoraln/status/1735510168048439570
99,Fri Dec 15 04:00:37 +0000 2023,1735510143604035704,"@Mayapada0812 gabisa cari kesalahan anies, sampe kesalahan pendukungnya pun dicariüò≠üò≠üò≠ ini mo milih presiden atau mo milih pendukungnyaü•≤ü•≤",0,0,0,1,in,964379918057394176,1735276892729885084,apuyummy,https://twitter.com/apuyummy/status/1735510143604035704
100,Fri Dec 15 04:00:36 +0000 2023,1735510141196439603,Semua omongan anies itu ngibul!! program programnya amburadul!!  JUNGKOOK IS COMING olivia Gacoan Daesang BANGTAN DEBUT Karina #BABYMONSTER #DeathsGame Wonbin BATTER UP 100M VIEWS https://t.co/Vy8Af06W4I,0,0,0,1,in,768652236,1735510141196439603,Alfakton_i,https://twitter.com/Alfakton_i/status/1735510141196439603
101,Fri Dec 15 04:00:35 +0000 2023,1735510134749860075,"@VIVAcoid Dalam debat capres, Anies Baswedan bisa menanggapi pernyataan dengan argumen yang sangat berbobot dan tentunya memuaskan rakyat. https://t.co/drlaa7YpFJ",0,0,0,1,in,1698967732455366656,1734896467255624084,wavetoraln,https://twitter.com/wavetoraln/status/1735510134749860075
102,Fri Dec 15 04:00:25 +0000 2023,1735510093104615904,@Kimberley_2024 Klo ulama2 itu tahu jejak digital Pak Anies waktu wawancara dgn Najwa Shihab(selama pak Prabowo nyapres saya tdk akan maju nyapres)ternyata waktu debat memojokan pak Prabowo mosok sih orang yg ingkar janji gitu akan didukung TAK IYE,0,0,0,0,in,1395713255637585923,1735505636786602067,Budionotaslim3,https://twitter.com/Budionotaslim3/status/1735510093104615904
103,Fri Dec 15 04:00:23 +0000 2023,1735510087517745628,"@David68159347 @IrawanRommi @Kimberley_2024 @Campaga591260 @ajengcute16__ @99propaganda @Tjel0up @Bank_Joee_ @Ndons_Back @bengkeldodo Itu hanya pendapat dia Anggota dpr Dr psi jadi pegangan yah....  Wakakaka   Kamu tnton video fullnya di YouTube, justru Anies itu dijegal anggarannya...  Makanya tonton youtube sampai selesai",0,1,0,0,in,1675595881834500096,1735299420160471255,g1taman,https://twitter.com/g1taman/status/1735510087517745628
104,Fri Dec 15 04:00:22 +0000 2023,1735510081608024403,"@shereen0404 @Hasbil_Lbs @aniesbaswedan Anies jago debat tapi juga jago ngeles, Kalau ditanya jawabanya mutar2, spy bisa ngeles. Lain yg dikatakan lain yg dikerjakan. Dia bajingan pembohong nggak beretika, Prabowo yg mengusung dia jadi gubernur, di Mata Najwa janji nggak mencalonkan diri jk Prabowo juga mecalonkan diri",0,0,0,0,in,161328201,1735054657066762349,fatmarini,https://twitter.com/fatmarini/status/1735510081608024403
105,Fri Dec 15 04:00:16 +0000 2023,1735510058992300498,"@ch_chotimah2 @kurawa Ahok juga produk Prabowo, termasuk anies ü´∞‚úåÔ∏èü•∞",0,0,0,0,in,1460444662922035206,1735491382817734902,Danu_d4nu,https://twitter.com/Danu_d4nu/status/1735510058992300498
106,Fri Dec 15 04:00:15 +0000 2023,1735510054395425000,@msaid_didu ANIES THE LEGEND OF AVATHAR. ~ SANG PENGENDALI ANGIN ~  ü§£ü§£ü§£ü§£ü§£,0,0,0,0,in,1536519390757552128,1735486049248534604,bobonapo,https://twitter.com/bobonapo/status/1735510054395425000
107,Fri Dec 15 04:00:05 +0000 2023,1735510009096855796,@ulul_AlbabAya @Andika93927695 @sobat_anies @PartaiSocmed Iyaaa..sambil jilatin lubang pantat....admin socmed emang otaknya SENGKLEK...,0,0,0,0,in,1603537981893414912,1735286126708150534,asistencamat,https://twitter.com/asistencamat/status/1735510009096855796
108,Fri Dec 15 04:00:03 +0000 2023,1735510001203175701,"@PartaiSocmed Kalo dibalik tanya, pak Prabowo bagaimana tanggapan anda terhadap Anies.  Dia jawab, sorry ni ye (asumsi) awokwokwok",0,0,0,0,in,1582533088864833537,1735478473341509874,hha_be,https://twitter.com/hha_be/status/1735510001203175701
109,Fri Dec 15 04:00:00 +0000 2023,1735509991207936347,"Anies Baswedan, menyebut Prabowo tak tahan menjadi oposisi pemerintah. Pernyataan yang terlontar saat debat perdana capres itu dibantah oleh Partai Gerindra. https://t.co/9cz9bNJ26q",0,2,0,3,in,69183155,1735509991207936347,detikcom,https://twitter.com/detikcom/status/1735509991207936347
110,Fri Dec 15 04:00:00 +0000 2023,1735509990310281564,"Anies Sindir Prabowo Tak Tahan Jadi Oposisi, Nusron Wahid: Demi Rekonsiliasi Nasional  https://t.co/sz7jrTRnmf",0,0,0,0,in,853782937782714368,1735509990310281564,radaraktual,https://twitter.com/radaraktual/status/1735509990310281564
111,Fri Dec 15 04:00:00 +0000 2023,1735509990125793447,"Resmi Dapat Dukungan UAS dan HRS, Ini Pakta Integritas Yang Harus Dilaksanakan Anies Baswedan https://t.co/QobdQffYmn",0,0,0,3,in,1243804423001763841,1735509990125793447,democrazymedia,https://twitter.com/democrazymedia/status/1735509990125793447
112,Fri Dec 15 04:00:00 +0000 2023,1735509989769244831,"Sehari setelah debat, Capres no urut 1 Anies Baswedan mengunjungi Ustadz Abdul Somad, di Riau. Adapun Capres nomor urut 2, Prabowo Subianto, bernyanyi dan berjoget bersama para alumni Akmil, dan Presiden RI ke 6 Susilo Bambang Yudhoyono. https://t.co/ns6OyEQkD6 https://t.co/KFM7TOhglX",0,0,0,0,in,3306771829,1735509989769244831,CNNIDdaily,https://twitter.com/CNNIDdaily/status/1735509989769244831
113,Fri Dec 15 03:59:42 +0000 2023,1735509915257749915,@andre_rosiade Ini antara Anies ama wowo emang sama sama bego apa gimana ya @bimays31  Menolak Lupa,0,0,0,0,in,1712681348056707072,1734021717570515234,BahteraPutrav,https://twitter.com/BahteraPutrav/status/1735509915257749915
114,Fri Dec 15 03:59:39 +0000 2023,1735509900011446627,Serangan baliknya Anies. Strike ..!!,0,0,0,0,in,1542540315835260929,1735509900011446627,hamas191,https://twitter.com/hamas191/status/1735509900011446627
115,Fri Dec 15 03:59:38 +0000 2023,1735509895775211916,Abraham Samad menggugat jika prabowo terpilih jd Presiden‚úÖ  || Kelleher olivia Anies Adidas Daesang Gacoan Surabaya Pagii gempa Ginting Dana Brighton Moldova Molly pilihan terbaik First Lady || https://t.co/IwlTYBPr2K,0,0,3,4,in,1593821269413490688,1735509895775211916,MartinaDian4,https://twitter.com/MartinaDian4/status/1735509895775211916
116,Fri Dec 15 03:59:28 +0000 2023,1735509854494789956,"@tvOneNews Biasaaa buzzer mahh, kalo gak nemu kelemahan Anies, akhirnya bikin2 hasutan, kalo engga ya gak makan",0,0,0,0,in,1191282969635217408,1735270438786539933,Semesta_menyapa,https://twitter.com/Semesta_menyapa/status/1735509854494789956
117,Fri Dec 15 03:59:24 +0000 2023,1735509839839953398,"@are_inismyname @99propaganda @bengkeldodo @Ndons_Back @adri_7i @AndreasSolusi @mpoklela7 @florieliciouss @Kimberley_2024 @Bank_Joee_ @BANGSAygSUJUD Ibarat pertandingan sepak bola. Suporter yang kalah pasti kecewa,ngomel tidak bahagia dan mencari cari kesalahan musuh.  Itulah yang dialami kubu prabowo dan ganjar.  Hanya pendukung team anies yng bahagia saat ini",0,0,0,0,in,1719001775091613697,1735288587921563914,Noy763164478823,https://twitter.com/Noy763164478823/status/1735509839839953398
118,Fri Dec 15 03:59:20 +0000 2023,1735509823339499867,"@menghanyurkan Ini genuinely nanya : misal aku pilih Anies-Muhaimin, tp aku ga pilih legislatif dari PKS, nasdem dll nya karena contoh PKS dan ruu nya yg problematik gitu gimana?",0,0,0,1,in,1148588146285617153,1735390762693480831,ihrelevant,https://twitter.com/ihrelevant/status/1735509823339499867
119,Fri Dec 15 03:59:09 +0000 2023,1735509774912126996,@Kimberley_2024 jelas tak level laaah mbak.... pak anies tuuuh capres  sedangkan bang fahri cuman juru bicara  kl  yg buat tweet tuuuh pak prabowo baru tuuuh selevel dgn pak anies...sama2 capres....  cerdas dikit dan berhusnudzon napa siih mbak ??  kata nya pilpres hrs gembira...lupa yaa  gemoy,0,0,0,0,in,1034366124,1735478649879752791,amira_suud,https://twitter.com/amira_suud/status/1735509774912126996
120,Fri Dec 15 03:59:08 +0000 2023,1735509773804835058,"Anies dengan angkuh ingin menegakan hukum, padahal kepada para pendukungnya bermasalah tidak berani tego . . . Gacoan olivia || Jill Biden Daesang || gempa Adidas || Surabaya BATTER UP 100M VIEWS || pilihan terbaik Melania BANGTAN DEBUT https://t.co/aw57jinZai",3,0,1,4,in,1625712923212648449,1735509773804835058,fikarhmwtii,https://twitter.com/fikarhmwtii/status/1735509773804835058
121,Fri Dec 15 03:59:05 +0000 2023,1735509760634757188,"@bobby_risakotta Mmmm..kayaknya anda ngga yakin nih sama kualitas capres yg anda dukung, sehingga butuh bawa2 nama orang lain yg menurut delusi anda lebih baik dari Anies. Wake up Bro, ikhlaskan hati untuk kebaikan Indonesia seluruhnya, biarkan yg terbaik yg terpilih.",0,0,0,0,in,174865703,1734797606147277280,luppe75,https://twitter.com/luppe75/status/1735509760634757188
122,Fri Dec 15 03:59:03 +0000 2023,1735509751965118618,Anies sosok capres yang tidak memiliki adab kepada orang yang lebih tua . . . Gacoan olivia || Jill Biden Daesang || gempa Adidas || Surabaya BATTER UP 100M VIEWS || pilihan terbaik Melania BANGTAN DEBUT https://t.co/twBgBTp5Ao,3,0,2,5,in,1625710016622919682,1735509751965118618,ayuandirasyafj,https://twitter.com/ayuandirasyafj/status/1735509751965118618
123,Fri Dec 15 03:59:02 +0000 2023,1735509747175194694,@SoftWarNews Macam serangan prabowo ke anies lalu anies nampol balik prabowo... woiii..ü§£,0,0,0,0,in,1078603272129134592,1735445630779285842,rbeensyarw,https://twitter.com/rbeensyarw/status/1735509747175194694
124,Fri Dec 15 03:58:59 +0000 2023,1735509732918804563,"@KantalDKintil @bukanasamgaram Tapi yg terjadi anggota mrk yg terbunuh kan 6 orang? Udah terbunuh ga dapet jabatan, Anies ga nolong. Klo mrk mau nyoblos dukung itu cm hak warga negara. Mau golput jg hak mrk. Selama mrk bukan genocide supporters or genocide actors, dan gak dikasih jabatan mrk ga bsa berbuat ap2",0,0,0,0,in,1594320960479322113,1735279920564392363,ayachan10969__,https://twitter.com/ayachan10969__/status/1735509732918804563
125,Fri Dec 15 03:58:58 +0000 2023,1735509728120524865,Anies selalu terjebak dalam asumsi pribadi tanpa adanya dukungan bukti dan fakta . . . Gacoan olivia || Jill Biden Daesang || gempa Adidas || Surabaya BATTER UP 100M VIEWS || pilihan terbaik Melania BANGTAN DEBUT https://t.co/ga9Pzi7Vdr,3,0,1,4,in,1625707186583396353,1735509728120524865,Kinandats1Fitri,https://twitter.com/Kinandats1Fitri/status/1735509728120524865
126,Fri Dec 15 03:58:57 +0000 2023,1735509725163475195,@SujarMUFC @Dandhy_Laksono ga ada yg peduli org2 di km50 itu.. pemuja riziq soalnya. Ga usah menurunkan suara anies dgn org2 kaya riziq dan pengikutnya,0,0,0,0,in,1547785018335825922,1735498393605321202,KaelTommm,https://twitter.com/KaelTommm/status/1735509725163475195
127,Fri Dec 15 03:58:54 +0000 2023,1735509711615894005,"@kamaloeby @tvOneNews Jgn suuzon bang, orang paling ikhlas itu pak prabowo,  gak mungkin mainkan cara2 kotor seperti itu, Pak prabowo pasti ikhlas kalo nanti tidak terpilih lagi, pak prabowo ikhlas klo anies atau ganjar yg terpilih nanti üòÅüòÅüòÅ Tapi kok aku percaya 99% ya sama statemt abang üò≠üò≠üò≠",0,0,0,0,in,1491950157306339334,1735269246744305804,carcur1209,https://twitter.com/carcur1209/status/1735509711615894005
128,Fri Dec 15 03:58:53 +0000 2023,1735509707711021142,Suka-suka orang lah mau milih anies atau kaga. Lucu bgt pendukung anies tukang guilttrip orang. Liat noh swing voters juga belum tentu mau ngevote anies awokwok.,0,0,0,0,in,1444997480827932682,1735509707711021142,janganlupasarap,https://twitter.com/janganlupasarap/status/1735509707711021142
129,Fri Dec 15 03:58:52 +0000 2023,1735509704628195733,Anies kembali memperlihatkan kemunafikan terkait sikapnya terhadap keberlanjutan IKN . . . Gacoan olivia || Jill Biden Daesang || gempa Adidas || Surabaya BATTER UP 100M VIEWS || pilihan terbaik Melania BANGTAN DEBUT https://t.co/UPkAGyr5YS,3,0,1,4,in,1640639725118820354,1735509704628195733,mayangnatasyaa,https://twitter.com/mayangnatasyaa/status/1735509704628195733
130,Fri Dec 15 03:58:51 +0000 2023,1735509699234328807,@AyatuArmad @kompascom Anies sama Ganjar jadi seolah2 kerja sama. Padahal ngalir aja itu ü§£,0,0,0,0,in,1662064122,1735206506981974516,aiknaoo,https://twitter.com/aiknaoo/status/1735509699234328807
131,Fri Dec 15 03:58:47 +0000 2023,1735509682863952007,Semoga Anies menang Amin aamiin  Tolong aminkan gaes,0,0,0,0,in,1047148860005474304,1735509682863952007,standar_ganda,https://twitter.com/standar_ganda/status/1735509682863952007
132,Fri Dec 15 03:58:46 +0000 2023,1735509680565240302,Agama Islam mengajarkan kita untuk berbakti kepada kedua orang tua.  Dinding Adidas Karina Surabaya Anies Daesang Gempa Islam https://t.co/arFO13l7Op,0,0,0,0,in,1262247961209143296,1735509680565240302,KamilahZahra313,https://twitter.com/KamilahZahra313/status/1735509680565240302
133,Fri Dec 15 03:58:45 +0000 2023,1735509677461606798,Akhirnya Anies kena batunya karena ucapannya terkait udara ber ‚Äì KTP . . . Gacoan olivia || Jill Biden Daesang || gempa Adidas || Surabaya BATTER UP 100M VIEWS || pilihan terbaik Melania BANGTAN DEBUT https://t.co/lDmV4FOxlh,3,0,1,4,in,1615617519003512833,1735509677461606798,AmelindaRahadi1,https://twitter.com/AmelindaRahadi1/status/1735509677461606798
134,Fri Dec 15 03:58:43 +0000 2023,1735509668494213434,"Celana Panjang Chino Pria Murah dan Berkualitas Dapatkan Cashback 40% di Shopee Video Anies Prabowo Gacoan Daesang #DebatCapres Surabaya Gempa Ayo, lihat videoku di Shopee Video!  https://t.co/NOh8816NWP https://t.co/bhEoC2mtMz",0,0,0,0,in,1724025687848488960,1735509668494213434,BudyHer77,https://twitter.com/BudyHer77/status/1735509668494213434
135,Fri Dec 15 03:58:42 +0000 2023,1735509662102073766,@Andika93927695 @muchlis_ar jelas lebih pantes dari Anies,0,0,0,1,in,1523024330644463621,1734859397074169919,SWC_BGs,https://twitter.com/SWC_BGs/status/1735509662102073766
136,Fri Dec 15 03:58:40 +0000 2023,1735509652950106143,"Serangan apalagi yg akan dikerjakan si memed hari ini @PartaiSocmed  Buzzer ayah di semua medsos setelah debat KPU serangannya kalap sekali üò¨üò¨üò¨ Di rl ternyata sudah ada hasil. Prabowo cenderung negatif, Anies pelan2 sudah banyak dibicarakan semua kalangan.Titik cerah",0,0,0,0,in,1161225897648648192,1735509652950106143,Karebet_69,https://twitter.com/Karebet_69/status/1735509652950106143
137,Fri Dec 15 03:58:39 +0000 2023,1735509649959625105,"@99propaganda @aniesbaswedan @prabowo Panggung debat itu panggung ny ganjar sm anies.  Klo kalah di panggung, langsung ulti nya pake surat¬≤ lah, ini lah itu lah, nyari kuncian pokoknya. Hahahahaaa..  Para badut politik ü§°üí©",0,0,0,0,in,1444874581743833092,1735156547586801878,bangoneeee,https://twitter.com/bangoneeee/status/1735509649959625105
138,Fri Dec 15 03:58:34 +0000 2023,1735509629784956933,@GeiszChalifah Tinggalkan Prabowo dukung ke ANIES Baswedan lebih mampu mengayomi rakyat Indonesia kedepannya,0,0,0,0,in,1413035084869865472,1734852147500712253,hab_le,https://twitter.com/hab_le/status/1735509629784956933
139,Fri Dec 15 03:58:34 +0000 2023,1735509629084586002,"Disinggung soal Janji Tak Akan Maju Jika Ada Prabowo dalam Pilpres, Anies: Saya Komitmen di DKI¬† https://t.co/1EzxBFoe5s",0,0,0,0,in,788744100,1735509629084586002,Riau24Com,https://twitter.com/Riau24Com/status/1735509629084586002
140,Fri Dec 15 03:58:33 +0000 2023,1735509625812947092,"@Abaaah Anies memang gak bisa dipercaya kata2 nya,,, tukang obral janji",0,0,0,0,in,4758766038,1735286254869328238,junregar30,https://twitter.com/junregar30/status/1735509625812947092
141,Fri Dec 15 03:58:32 +0000 2023,1735509620448514548,"@sam_sul737 @VIVAcoid Parah banget cantiknya, udah gitu keren lagi dukung pak Anies... Sempurna..!",0,0,0,0,in,1692179639660412928,1735350076070084912,hendrsunndr,https://twitter.com/hendrsunndr/status/1735509620448514548
142,Fri Dec 15 03:58:24 +0000 2023,1735509586189431112,@andre_rosiade Haha... Perjanjian apa yang membatasi hak orang lain untuk mengabdi kepada negara.  Emang bisa menjamin hak hidup anies baswedan.. Menyedihkan sekali kualitas berpikirnya makin menurun,0,0,0,0,in,1529689403140231168,1735204525517177333,Klasterkarhutla,https://twitter.com/Klasterkarhutla/status/1735509586189431112
143,Fri Dec 15 03:58:17 +0000 2023,1735509558800662536,@sobat_anies @PartaiSocmed Fans bole otak pakai  Kenyataan jadi hoax Hoax kalian buat jd kenyataan ü§£ü§£ü§£  Yg nonton bnyk,0,0,0,0,in,1703433084,1735286126708150534,Semot_x_Abang,https://twitter.com/Semot_x_Abang/status/1735509558800662536
144,Fri Dec 15 03:58:16 +0000 2023,1735509554698567948,"@nopeq7 @sam_idim @hasyimmah Main aman gimana? Sejauh pikiran awam gw, itu jelas bgt kok sikap anies ttg ikn.  Apa lo doang yg ga faham?",0,0,0,0,in,1107472195029078016,1735191540715458961,IndriyatiLais,https://twitter.com/IndriyatiLais/status/1735509554698567948
145,Fri Dec 15 03:58:14 +0000 2023,1735509545345261634,Ayo......Viralkan rekam jejak Anies Rasyid Baswedan ketika pimpin DKI JKT. https://t.co/rhU2tgx6sP,0,0,1,0,in,518191393,1735509545345261634,antaz345,https://twitter.com/antaz345/status/1735509545345261634
146,Fri Dec 15 03:58:04 +0000 2023,1735509501648970110,@gyupuppiy nama gerinda jg naik üíÄ pdhl lebih dr 10th yg lalu berpasangan dgn mega  seolah-olah prabowo dan gerindra lebih kecil dr anies njirrtt üíÄ,0,0,0,0,in,1237221324608524288,1735483442903810523,JinDogCondom,https://twitter.com/JinDogCondom/status/1735509501648970110
147,Fri Dec 15 03:58:00 +0000 2023,1735509485760942158,"@PartaiSocmed Betul....cocok jadi bapak bangsa king maker"" tp gak cocok jadi Presiden.....Presiden biar yg cocok2 aja....Anies atau GanjarüòÄ""",0,0,0,0,in,1603653519839330304,1735478473341509874,BFbu88,https://twitter.com/BFbu88/status/1735509485760942158
148,Fri Dec 15 03:57:59 +0000 2023,1735509484272029983,"@xquitavee Hati_hati,Anies sudah mendekati abd.somad",0,0,0,1,in,1513877373896298506,1735495312117207512,YoshY83919872,https://twitter.com/YoshY83919872/status/1735509484272029983
149,Fri Dec 15 03:57:52 +0000 2023,1735509451141218373,Anies Cerdas &amp  Jujur itu FAKTA,0,0,0,0,in,1543593106171625473,1735509451141218373,Adam03072022,https://twitter.com/Adam03072022/status/1735509451141218373
150,Fri Dec 15 03:57:51 +0000 2023,1735509447328543144,"@NathPribady Kenapa pada takut sama FPI dah? Organisasinya udah bubar kok, takut sama ideologinya? Emang power mereka sebesar apa? Pas Anies jabat jadi Gub DKI ngadain Christmas Carol, ada gitu mantan pentolan FPI yg rusuh? Aduh",0,0,0,1,in,1100192841114906625,1735479386470752688,noegrahaha,https://twitter.com/noegrahaha/status/1735509447328543144
151,Fri Dec 15 03:57:50 +0000 2023,1735509446338703527,"@NdrewsTjan @itsquaileggs Ampun ama ni orang benci ke fpi, hrs dan gerombolan nya yg kena anies, dulu yg kena tuduh memobilisasi 212 keluarga cikeas, eh pangeran cikeas kalah putaran pertama, yg kena anies lagi.",0,0,0,0,in,1324861742623518721,1735445863840018819,Malikamenard6,https://twitter.com/Malikamenard6/status/1735509446338703527
152,Fri Dec 15 03:57:47 +0000 2023,1735509432979824942,Selama Tuan Timbul hidup Anies gausah nyapres  Gitu etikanya ya gak?  Bicara2 soal etika kaya ini Tuan Plongo lebih fahan karena sdh menang 2x dari tuan timbul,0,0,0,0,in,1047148860005474304,1735509432979824942,standar_ganda,https://twitter.com/standar_ganda/status/1735509432979824942
153,Fri Dec 15 03:57:37 +0000 2023,1735509391879938405,"@abu_waras Prabowo mengkaitkan APBD DKI yang puluhan trilyun dgn kemampuan Anies mengatasi polusi. Padahal masalah polusi Jkt bukan soal duit tapi tentang kewenangan. Pemerintah pusat yang stupid soal lingkungan, itulah yang harusnya dikoreksi.",0,0,0,0,in,1640594096665530369,1735411437047308294,ArdaChandra10,https://twitter.com/ArdaChandra10/status/1735509391879938405
154,Fri Dec 15 03:57:30 +0000 2023,1735509360418460114,@Fahrihamzah ANIES lbh Baik Dibandingkan kamu hya dewan penjilat &amp  MUNAFIK ü§£ü§£ü§£ü§£ü§£,0,0,0,0,in,840066771516190720,1735241365360128127,ropaifadel,https://twitter.com/ropaifadel/status/1735509360418460114
155,Fri Dec 15 03:57:29 +0000 2023,1735509357595656300,HUKUM HARUS TEGAK UNTUK SEMUA...  CAPRES ANIES SINGGUNG GIBRAN SAAT PAPARAN VISI DAN MISI SOAL PENEGAKAN HUKUM....‚ÄºÔ∏è  #JokowiHarusMenyerah #JokowiHarusMenyerah üÜòüÜó https://t.co/LzuJrPKQqB,0,0,2,2,in,1679184284098367489,1735509357595656300,P3n99u94t_,https://twitter.com/P3n99u94t_/status/1735509357595656300
156,Fri Dec 15 03:57:22 +0000 2023,1735509329057657053,"@PartaiSocmed Lamongan, VIVA Jatim- Naskah ujian kelas XI di SMK Muhammadiyah Sekaran, Kabupaten Lamongan terpampang foto calon presiden (Capres) Anis Baswedan. Dalam naskah ujian mata pelajaran bahasa inggris yang terdapat foto Anies Baswedan tersebut terdapat pada poin B nomer 21- 23.",0,1,0,0,in,1603719444949127168,1735215245139066989,gundul_zaud,https://twitter.com/gundul_zaud/status/1735509329057657053
157,Fri Dec 15 03:57:16 +0000 2023,1735509301324906925,Inilah 13 poin Pakta Integritas yang disepakati Paslon 1 Anies Baswedan - Muhaimin Iskandar dan mendapat dukungan Ijtima‚Äô Ulama sepenuhnya pada #Pilpres2024. #AMINAjaDulu  #AniesMuhaimin2024 ‚òùÔ∏è https://t.co/KitbPmcQFA https://t.co/whXSeTXvRd,0,0,3,5,in,129750289,1735161444352893303,ZAEffendy,https://twitter.com/ZAEffendy/status/1735509301324906925
158,Fri Dec 15 03:57:10 +0000 2023,1735509276058370246,@sam_sul737 @VIVAcoid Saha ieu teh..!? Meuni geulis kitu. Tolong sampaikan salam pada si cantik ini dan kasih tahu bahwasanya saya akan memilih pak Anies untuk jadi presiden RI.üòç,0,0,0,0,in,1692179639660412928,1735350076070084912,hendrsunndr,https://twitter.com/hendrsunndr/status/1735509276058370246
159,Fri Dec 15 03:57:09 +0000 2023,1735509271000088881,"Desak Anies itu Desak"" nya bukan asal nama biar menarik. Di acara itu orang beneran bisa ngedesak yg keras depan muka Pak Anies. üòÇ""",0,2,0,3,in,56391072,1735509271000088881,imanlagi,https://twitter.com/imanlagi/status/1735509271000088881
160,Fri Dec 15 03:57:07 +0000 2023,1735509262791827693,@bilegotasecret Kasian mau pilih anies dibully emak,0,0,0,0,in,1436143057179590669,1735507069669879931,alllxlip,https://twitter.com/alllxlip/status/1735509262791827693
161,Fri Dec 15 03:57:06 +0000 2023,1735509260694651270,"Kutipan Anies didasarkan atas pemberitaan di 2019 tentang prioritasnya untuk membangun pedestrian: https://t.co/80juOdH9dZ  Untuk Cak Imin, beliau berbicara tentang ketidaksepakatannya atas pemindahan ibukota dan justru meneguhkan stereotipe Kalimantan: https://t.co/I2IDKw2dzp https://t.co/ko72jGnTNl",0,1,0,0,in,1252247274006044674,1735509248325624155,muldirun,https://twitter.com/muldirun/status/1735509260694651270
162,Fri Dec 15 03:57:02 +0000 2023,1735509244198436955,"Sudah 2 hari berlalu, Anies tetap trending di Twitter/X. Tanya kenapa? https://t.co/EKUq93j5Gi",0,0,0,0,in,1591568556046446592,1735509244198436955,DampitKabul,https://twitter.com/DampitKabul/status/1735509244198436955
163,Fri Dec 15 03:56:56 +0000 2023,1735509219431092675,@negativisme Giliran ke mas anies ngegas,0,0,0,0,in,1248129610434228226,1735173829142696435,Gzlr9,https://twitter.com/Gzlr9/status/1735509219431092675
164,Fri Dec 15 03:56:47 +0000 2023,1735509178834428182,"@AminSumantoslow ANIES musuh negara Wakanda, tetapi HARAPAN bagi rakyat Indonesia. Wakanda No More, Indonesia Forever",0,0,0,1,in,1720327685027835904,1735252085485236230,IbenBesar,https://twitter.com/IbenBesar/status/1735509178834428182
165,Fri Dec 15 03:56:33 +0000 2023,1735509122454626536,@great_fleet Anies ga menolak memang ada gerakan ini  Krn Jokowi Prabowo juga  Literally ga ada yg berani melarang juga krn memang massa sedang gusar   Tapi jelas ANIES BUKAN INISIATOR dan dalang Ga nge encourage juga ga terlibat di kejadian sama sekali,0,0,0,0,in,1713265779234549760,1735491765388640623,ImaIsBack,https://twitter.com/ImaIsBack/status/1735509122454626536
166,Fri Dec 15 03:56:28 +0000 2023,1735509101369852247,"@satrio_tone @mardigu024 Pak prabowo pernah mengusung anies tpi dia ungkit itu d debat, terus di bakas pak anies salahnya dimana? üòò ingat gerindra juga menerima banyak manfaat saaat dukung anies üòò",0,0,0,0,in,1639944026,1735146480263168254,bonaanfield,https://twitter.com/bonaanfield/status/1735509101369852247
167,Fri Dec 15 03:56:25 +0000 2023,1735509088145203466,@Kimberley_2024 jika pak anies  petugas nya pak surya  lantas  yg tak level tuh jongos nya prabowo yaaa mbak ???,0,0,0,0,in,1034366124,1735478649879752791,amira_suud,https://twitter.com/amira_suud/status/1735509088145203466
168,Fri Dec 15 03:56:19 +0000 2023,1735509064501915916,"Prabowo dinilai sangat santai dan sangat tenang, tak terlihat gugup sama sekali. Bahkan beberapa kali, ia justru berhasil mencairkan suasana dengan jokes-nya dan gaya silat ‚Äògemoy‚Äô pasca menjawab pertanyaan Anies yang lalu diikuti riuh tawa penonton  #DukungPrabowo Pemimpin Tegas",0,0,0,0,in,1069939598,1735509064501915916,MiscaEvina,https://twitter.com/MiscaEvina/status/1735509064501915916
169,Fri Dec 15 03:56:19 +0000 2023,1735509063314939994,Beginilah mentah dam sifat dari capres Anies yang sombong dan angkuh!! https://t.co/h2eStgbTXG,0,0,0,0,in,1619130721301594112,1735509063314939994,NTTberdiri,https://twitter.com/NTTberdiri/status/1735509063314939994
170,Fri Dec 15 03:56:16 +0000 2023,1735509052141260877,@Wildansadhega1 @NathPribady Anies menang pilkada Habib Rizieq ga minta apa ' gajadi apa,0,0,0,0,in,270836973,1735479386470752688,Mas_Alkaff_,https://twitter.com/Mas_Alkaff_/status/1735509052141260877
171,Fri Dec 15 03:56:14 +0000 2023,1735509043496583596,"Anies Baswedan Dituding Capres Banyak Janji, Timnas AMIN: Janji Kita Terukur!  https://t.co/RiNVSx3Ekc https://t.co/RiNVSx3Ekc",0,0,0,0,in,1636627729675337734,1735509043496583596,posaktualcom,https://twitter.com/posaktualcom/status/1735509043496583596
172,Fri Dec 15 03:56:11 +0000 2023,1735509029869461706,"@arrega08 @kuasabu2 @memelord_666666 Bagi mereka2 yang alergi FPI, Jakarta menjadi neraka di jaman Pak Anies.  Shummum bukmun ‚Äòumyun fa hum lƒÅ yarji‚Äò≈´n.",0,0,0,0,in,755779744923209728,1735262616258523212,batista210283,https://twitter.com/batista210283/status/1735509029869461706
173,Fri Dec 15 03:56:05 +0000 2023,1735509005777481795,"Anies Baswedan Cerita ke Ustad Abdul Somad, Heran Tidak Ada Doa saat Debat Capres https://t.co/HtvMcYrgf5 #TempoNasional",0,1,0,2,in,18129942,1735509005777481795,tempodotco,https://twitter.com/tempodotco/status/1735509005777481795
174,Fri Dec 15 03:55:57 +0000 2023,1735508971543519248,"Temen ngoceh soal debat pilpres,,  gw jd pendengar yg baik aja dech y..   Bagus katanya pak Anies tp d harapkan harus menggunakan data spya gen Z yg kosong jd faham visi misinya pak Anies.. @aniesbaswedan https://t.co/4qYf5DvyIj",0,0,0,1,in,1108383306196779009,1735508971543519248,Chan11Vero,https://twitter.com/Chan11Vero/status/1735508971543519248
175,Fri Dec 15 03:55:42 +0000 2023,1735508909174190425,"Mengapa NasDem ajukan Ganjar-Anies?  Bagi NasDem, inilah pasangan rekonsiliasi bangsa dan negara pasca-keterbelahan di Pemilu 2019. Bukan versi Fahri Hamzah yang ngarang.  Namun Pak Lurah meneng ae. Dua bulan yang ditunggu, tak ada respons.  Malah AB hendak dikriminalisasi.",0,1,0,0,in,71173287,1735504960933232708,arfibambani,https://twitter.com/arfibambani/status/1735508909174190425
176,Fri Dec 15 03:55:37 +0000 2023,1735508888294932495,@Reiza_Patters Harusnya Mas Anies briefing dulu sebelum ngomong isu demokrasi terkait oposisi ke partai pengusung terutama ke Nasdem dan PKB.. Ibarat mendulang air kecipratan muka sendiri..,0,0,0,0,in,1643824960362942464,1735197451017928968,AxxFadhil,https://twitter.com/AxxFadhil/status/1735508888294932495
177,Fri Dec 15 03:55:37 +0000 2023,1735508885086335148,@imanlagi @tetapsemangatvi Pantesan kalo polling di X anies menang mulu....cocok jadi presiden  di medsos doang...negeri maya...,0,0,0,0,in,1463348143248969730,1735504006502572390,Lutfikeyzer,https://twitter.com/Lutfikeyzer/status/1735508885086335148
178,Fri Dec 15 03:55:32 +0000 2023,1735508866765590636,"@andre_rosiade Bang Andre juga tidak beretika dan angkuh, dengan klaim anies jadi gub dki karena gerindra dan prabowo, dengan menapikan jasa jasa partai lain, relawan2,  dan rakyat DKI. Saya yakin kalau hanya prabowo dan gerindra saja sendiri yg ngusung, anies gak akan jadi.",0,0,0,0,in,145959630,1735204525517177333,seven7_7up,https://twitter.com/seven7_7up/status/1735508866765590636
179,Fri Dec 15 03:55:23 +0000 2023,1735508826781311331,@OposisiCerdas Anies menunjukan keadaan penegakan hukum dimata prabowo saat ini  ada orang tua korban yang mencari keadilan sampai saat ini.,0,0,0,0,in,1651042907955273729,1735497543772262435,alam_tirta7464,https://twitter.com/alam_tirta7464/status/1735508826781311331
180,Fri Dec 15 03:55:19 +0000 2023,1735508813200163304,"@Wildansadhega1 @NathPribady Mustahil bro, NU di PKB mau dikemanain? Anies semasa menjabat juga semua agama dapat kesetaraan, FPI diem ga aneh¬≤. Beras bansos yg jadi bancakan anak buah pak Heru aja kecium, apalagi kalo Anies kasih dana lebih ke FPI, pasti ketahuan dan viral lah.",0,0,0,1,in,1176898402082144257,1735479386470752688,07abdharis97,https://twitter.com/07abdharis97/status/1735508813200163304
181,Fri Dec 15 03:55:16 +0000 2023,1735508798394302975,@KompasTV Koq yg kamu sesalkan penyataan anies nus? Kelakuan prabowo nya lah yg ga tahan. Tolol!,0,0,0,0,in,1242538595686080512,1735301909853122755,Thetruthlink01,https://twitter.com/Thetruthlink01/status/1735508798394302975
182,Fri Dec 15 03:55:06 +0000 2023,1735508754844783038,Ini kyk anies Udah nge-golin tp dianulir offset,0,0,0,0,in,182395017,1735508754844783038,Choppucino,https://twitter.com/Choppucino/status/1735508754844783038
183,Fri Dec 15 03:55:05 +0000 2023,1735508752676307426,@hariany47864956 @AbdHali59646742 2x diperiksa kpk anies datang dan 2x itu tidak terbukti..,0,0,0,0,in,1708721784537985024,1735324008860774542,RXKing1977,https://twitter.com/RXKing1977/status/1735508752676307426
184,Fri Dec 15 03:55:01 +0000 2023,1735508733898510356,"Kebayang gak kalau tiba2 orang banyak pilih anies, lalu dia menang. Pas menang baru tau sekelompok sama ormas2 tsb.   Apa rasanya mereka2 yg tertipu 2 kali tsb ya ?ü§£",0,1,1,2,in,1176673445263765504,1735508733898510356,NdrewsTjan,https://twitter.com/NdrewsTjan/status/1735508733898510356
185,Fri Dec 15 03:55:00 +0000 2023,1735508730580464016,"Berani Terobos Area Penegakan Hukum 'Paling Rawan' Dalam Debat Capres, Reza Indragiri: Siapa Kapolri Anies? https://t.co/gBG3jTAaop",0,0,0,4,in,1243804423001763841,1735508730580464016,democrazymedia,https://twitter.com/democrazymedia/status/1735508730580464016
186,Fri Dec 15 03:54:58 +0000 2023,1735508723421036951,"@naaooollll wkwkw iya kemarin2 kan efpei dan 212 dr beritane condong ke Prabowo, apalagi beberapa tokoh intine spt babe haekal, neno warisman, fahri hamzah ke prabowo, eh giliran tokoh2 lainnya ke Anies Baswedan lsg dicap politik identitas ....",0,1,1,0,in,473417028,1735487821325259003,muhammadsyakur2,https://twitter.com/muhammadsyakur2/status/1735508723421036951
187,Fri Dec 15 03:54:56 +0000 2023,1735508713308659954,@sobat_anies @PartaiSocmed Di mana hebatnya Wowo. Di gertak si owe juga ciut Dah GK aneh wajah dan perisai nya @PorongosKontolan Awokwoox,0,0,0,0,in,1616810726584389632,1735286126708150534,PrakaRaka1,https://twitter.com/PrakaRaka1/status/1735508713308659954
188,Fri Dec 15 03:54:47 +0000 2023,1735508675874443677,"@HukumDan Pantes aja BuzzerRp om wowo aktif bngt nyerang Anies dr segala penjuru...taunya utk nutupin om wowo yg lg KO krn kecapean berdiri wkt debat kmrn... Segala cara nyerang Anies tp ga mempan, akhirnya ketauan jg om wowo lg kurang sehat.. Sehat sehat om wowo, msh ada debat yg lain.",0,0,0,0,in,300146608,1735248517344768188,Wahyudi1707,https://twitter.com/Wahyudi1707/status/1735508675874443677
189,Fri Dec 15 03:54:44 +0000 2023,1735508664092602811,"Kalau Ganjar nyerang Anies saat debat soal politik identitas, aku secara sukarela bakal jadi buzzer Ganjar",0,0,0,0,in,1250457135172878337,1735508664092602811,lamatakpushrank,https://twitter.com/lamatakpushrank/status/1735508664092602811
190,Fri Dec 15 03:54:42 +0000 2023,1735508656324780293,"Persiapan Debat Kedua AMIN: Misi Sejahtera Keluarga, Akar Kekuatan Bangsa - JCC Network  #jccnetwork #DebatCapres #DebatCapres2023 Anies Pilihan Terbaik  https://t.co/hvbfPeyhbb",0,0,0,0,in,1725579139690962945,1735508656324780293,jcc_network,https://twitter.com/jcc_network/status/1735508656324780293
191,Fri Dec 15 03:54:32 +0000 2023,1735508614830559294,"@Budionotaslim3 Setahuku HRS, UAS, ulama ulama yang bersimpati dengan Anies.   Beberapa bulan lalu sempat aku lihat video UAH dukung Anies.   Jadi nggak perlu heran. Dan pilihan itu bebas saja. Ulama itu banyak dan masing masing sudah punya pilihan beda bedaüòä",0,1,0,0,in,1603576856573509633,1735505636786602067,Kimberley_2024,https://twitter.com/Kimberley_2024/status/1735508614830559294
192,Fri Dec 15 03:54:30 +0000 2023,1735508607503085806,@Naz_lira Adem liat nya klo Anies ngomong . . . #AminajaDulu,0,0,0,1,in,1634482951596707841,1735454170101284949,PepenPenjol82,https://twitter.com/PepenPenjol82/status/1735508607503085806
193,Fri Dec 15 03:54:28 +0000 2023,1735508597629706560,"@blantik_pedhet1 1. Anies - Muhaimin    =    2,7%  2. Prabowo - Gibran   =   93%  3. Ganjar - Mahfud      =   4,3%",0,0,0,0,in,1606059252422168577,1735145888987906180,SalvatoreGiman,https://twitter.com/SalvatoreGiman/status/1735508597629706560
194,Fri Dec 15 03:54:24 +0000 2023,1735508580412096654,"Capres no urut 1 Anies Baswedan menghadiri diskusi bersama kelompok disabilitas se Jabodetabek di Islamic Center Kota¬†Bekasi¬†Jabar, Jumat (15/12). üì∏Hub  #BeritaElshinta https://t.co/3VnjdHb01B",0,0,1,2,in,121640063,1735508580412096654,RadioElshinta,https://twitter.com/RadioElshinta/status/1735508580412096654
195,Fri Dec 15 03:54:23 +0000 2023,1735508575034958325,"@OposisiCerdas Harusnya bukan begitu judulnya @Gerindra ,..  Gerinda bantah ucapan Prabowo.. Kan Anies hanya kutip pernyataan prabowo yang bahkan vidio bisa kita lihat sekarang banyak beredar...",0,0,0,0,in,1654792947173556225,1735498267721609246,ImamWah2121,https://twitter.com/ImamWah2121/status/1735508575034958325
196,Fri Dec 15 03:54:18 +0000 2023,1735508555355288038,"Yg dulu milih Prabowo ada yg karena Prabowo ada yg karena FPI.  Yg dulu milih Jokowi ada yg karena Jokowi ada yg karena PDI-P.  Yg dulu milih Prabowo krn FPI sekarang gabung ke Anies, yg dulu milih Jokowi karena PDI-P sekarang gabung ke Ganjar. Sisanya"" gabung ke Prabowo.""",1,0,0,0,in,1640631154503204864,1735502057845788743,wkwk2kalidiban,https://twitter.com/wkwk2kalidiban/status/1735508555355288038
197,Fri Dec 15 03:54:16 +0000 2023,1735508545138049515,"Anies Baswedan Klarifikasi Janjinya Tak akan Nyapres Lawan Prabowo, Singgung soal Komitmen  https://t.co/Pd7O39YCaP",0,2,0,0,in,124171593,1735508545138049515,tribunnews,https://twitter.com/tribunnews/status/1735508545138049515
198,Fri Dec 15 03:54:05 +0000 2023,1735508501550817541,SIAPA PILIHAN ANDA SEBAGAI PRESIDEN 2024  - Anies - MUHAIMIN  - 90.0% - PRABOWO -GIBRAN - 6.1% - GANJAR -MAHFUD - 3.8%  Total suara: 1302  klik link https://t.co/VYTlYXKHf9  Tolong forward ke group dan teman-temanmu ya. Terima kasih https://t.co/ewucZec27e,0,0,0,0,in,2246177665,1735508501550817541,Nayr79R,https://twitter.com/Nayr79R/status/1735508501550817541
199,Fri Dec 15 03:54:05 +0000 2023,1735508500602859900,@hasyimmah Apalagi Anies tidak terlibat dalam putusan membangun IKN sehingga beliau tidak tau alasan jelasnya kenapa harus segera dibangun ketika permasalahan lain masih banyak. Jadi menurut saya malah lebih bijak Anies tidak menjawab YA atau TIDAK ketika ditanya soal IKN.,0,0,0,0,in,1668544175527333888,1735191540715458961,buzzer_musiman,https://twitter.com/buzzer_musiman/status/1735508500602859900
200,Fri Dec 15 03:53:48 +0000 2023,1735508428372819979,"@itsquaileggs Ahok ngebacot di kep seribu tahun 2016, 212 ngumpul dimonas juga 2016, yg kena Anies üòÇ",0,0,0,0,in,1324861742623518721,1735445863840018819,Malikamenard6,https://twitter.com/Malikamenard6/status/1735508428372819979
201,Fri Dec 15 03:53:36 +0000 2023,1735508377344888847,"Anies dengan angkuh ingin menegakan hukum, padahal kepada para pendukungnya bermasalah tidak berani tego . . . Gacoan Pagii BATTER UP 100M VIEWS gempa Anies Kamis Daesang pilihan terbaik Adidas Moldova Ulama Dana Ginting Bengis https://t.co/jrToeKdRwb",1,0,1,2,in,1605152302771634178,1735508377344888847,PrabowoTessa,https://twitter.com/PrabowoTessa/status/1735508377344888847
202,Fri Dec 15 03:53:34 +0000 2023,1735508371686719502,@Generasi_MudaNU Sy pendukung prabowo dan setelah hasil debat kmrin sy akan dukung anies...,0,0,0,1,in,1604828575072677889,1734755997049372820,endis7506,https://twitter.com/endis7506/status/1735508371686719502
203,Fri Dec 15 03:53:32 +0000 2023,1735508361754636425,"Anies Baswedan Dituding Capres Banyak Janji, Timnas AMIN: Janji Kita Terukur! https://t.co/PXKNsN5f3z",2,1,0,3,in,3319260420,1735508361754636425,geloraco,https://twitter.com/geloraco/status/1735508361754636425
204,Fri Dec 15 03:53:30 +0000 2023,1735508355068895624,"@neohistoria_id Kalau dibaca2 baik lagi tetep keputusan ada di tangan presiden, apakah aku percaya pak anies bakalan melakukan hal yg merugikan masyrakat golongan tertentu? Tentu tidak dan terbukti di jkt. Di jkt pula dia mendukung minoritas tanpa membuat yg lain emosi dan menolak. Adem dan Adil",0,0,0,1,in,1601215691427704833,1735506670510571999,hayukitangopi,https://twitter.com/hayukitangopi/status/1735508355068895624
205,Fri Dec 15 03:53:29 +0000 2023,1735508351491195277,"@andre_rosiade Daripada kelen goreng-goreng sampah, mending tanya Pak Aksa Mahmud kenapa sampai nama Pak Anies yang muncul di Pilgub DKI..",0,0,0,0,in,1604273502399627265,1735204525517177333,MelayuS8,https://twitter.com/MelayuS8/status/1735508351491195277
206,Fri Dec 15 03:53:29 +0000 2023,1735508351134621882,Anies sosok capres yang tidak memiliki adab kepada orang yang lebih tua . . . Gacoan Pagii BATTER UP 100M VIEWS gempa Anies Kamis Daesang pilihan terbaik Adidas Moldova Ulama Dana Ginting Bengis https://t.co/jjO4KWGJ2K,2,0,1,3,in,1605145606334210050,1735508351134621882,HidayahMeutia,https://twitter.com/HidayahMeutia/status/1735508351134621882
207,Fri Dec 15 03:53:28 +0000 2023,1735508344155390160,"@JenggoBang82778 @jakapujakesuma1 Klu gak punya ambisi, itu nama nya mayat, Anies podo wae.",0,0,0,0,in,1703769567422562304,1735427145273659444,MaeKelly251041,https://twitter.com/MaeKelly251041/status/1735508344155390160
208,Fri Dec 15 03:53:27 +0000 2023,1735508342540570900,@kurawa Dari kemarin topiknya Anies terus bro. Takut yah ü§£,0,0,0,0,in,57577178,1735486078902206917,baaa1974,https://twitter.com/baaa1974/status/1735508342540570900
209,Fri Dec 15 03:53:26 +0000 2023,1735508337108861056,"@andre_rosiade Gak sadar ü§£ Anies dicalonkan PKS, Sandiaga yg dicalonkan Gerindra ü§£ü§£ü§£ kocak,,",0,0,0,0,in,821771324,1735204525517177333,Aflaha_Bian,https://twitter.com/Aflaha_Bian/status/1735508337108861056
210,Fri Dec 15 03:53:24 +0000 2023,1735508328942559618,Anies selalu terjebak dalam asumsi pribadi tanpa adanya dukungan bukti dan fakta . . . Gacoan Pagii BATTER UP 100M VIEWS gempa Anies Kamis Daesang pilihan terbaik Adidas Moldova Ulama Dana Ginting Bengis https://t.co/7nKTIPZLjy,2,0,1,3,in,1534789268068913152,1735508328942559618,FathinaHamdi,https://twitter.com/FathinaHamdi/status/1735508328942559618
211,Fri Dec 15 03:53:23 +0000 2023,1735508324031107412,"@tvOneNews @RezaPahleviaja Lalu dipilih Sandi Uno, sekarang setelah tugas selesai @aniesbaswedan balik ke teman lama utl berhadapan dgn @prabowo orang yg mengusung waktu Anies ditinggal kwn lama dan 5 tahun mencaci maki kerja anda, luar biasa.",0,0,0,0,in,1206109960574160899,1735208296460755318,MiziRisqa,https://twitter.com/MiziRisqa/status/1735508324031107412
212,Fri Dec 15 03:53:23 +0000 2023,1735508323716534678,"@tvOneNews Baru tahu ada insiden ini. Sekian tahun berhasil diumpetin dari publik. Eh, sekarang dibuka sama Anies. Pantes sj mereka berang... üòÅüòÅüòÅ",0,0,0,0,in,1460641601814892548,1735435055357648974,rahadian_ks,https://twitter.com/rahadian_ks/status/1735508323716534678
213,Fri Dec 15 03:53:17 +0000 2023,1735508299469189511,Anies kembali memperlihatkan kemunafikan terkait sikapnya terhadap keberlanjutan IKN . . . Gacoan Pagii BATTER UP 100M VIEWS gempa Anies Kamis Daesang pilihan terbaik Adidas Moldova Ulama Dana Ginting Bengis https://t.co/41DQQ5fSsF,2,0,1,3,in,1534753873482883073,1735508299469189511,IrwantoKharisma,https://twitter.com/IrwantoKharisma/status/1735508299469189511
214,Fri Dec 15 03:53:15 +0000 2023,1735508289960788433,"@KolepManiaa @jakfar87 @kompascom makanya itu kan aneh, yg dipaparkan Anies kan jelas, indeks demokrasi turun, kebebasan berpendapat terkekang, eh tiba2 ada yg bilang diktator sambil mengungkit jasa2nya ke Anies, kan aneh.. jaka sembung bawa golok....",0,0,0,0,in,473417028,1734572839855071412,muhammadsyakur2,https://twitter.com/muhammadsyakur2/status/1735508289960788433
215,Fri Dec 15 03:53:14 +0000 2023,1735508286424904094,"knp kalo pak prabowo didukung habib luthfi dan babeh haikal engga politik identitas, sedangkan pak anies didukung HRS sama UAS malah dibilang politik identitas?  bukannya semuanya sama aja ya mainin politik identitas kalo gt? termasuk pak ganjar jg muncul di adzan maghrib rcti.",0,0,0,0,in,339556512,1735508286424904094,nsliandi,https://twitter.com/nsliandi/status/1735508286424904094
216,Fri Dec 15 03:53:12 +0000 2023,1735508279546302966,"@99propaganda @aniesbaswedan @prabowo Banyak bacot...., udah melanggar etika konstitusi, gak beretika saat debat, malah bilang anies gak beretika, rela bodoh demi asam sulfat dan badut https://t.co/YnclFxUcB0",0,0,0,0,in,1693181293788585984,1735156547586801878,Keunofarafel,https://twitter.com/Keunofarafel/status/1735508279546302966
217,Fri Dec 15 03:53:12 +0000 2023,1735508277214204124,Akhirnya Anies kena batunya karena ucapannya terkait udara ber ‚Äì KTP . . . Gacoan Pagii BATTER UP 100M VIEWS gempa Anies Kamis Daesang pilihan terbaik Adidas Moldova Ulama Dana Ginting Bengis https://t.co/76kIO39fEZ,1,0,1,2,in,1574631772494897152,1735508277214204124,sitriz07,https://twitter.com/sitriz07/status/1735508277214204124
218,Fri Dec 15 03:53:12 +0000 2023,1735508277046477219,"Berani Terobos Area Penegakan Hukum Paling Rawan dalam Debat Capres, Reza Indragiri: Siapa Kapolri Anies? https://t.co/db40nH3nSN",0,0,0,2,in,887743587579944960,1735508277046477219,OposisiCerdas,https://twitter.com/OposisiCerdas/status/1735508277046477219
219,Fri Dec 15 03:53:10 +0000 2023,1735508271484854668,Anies keok #BABYMONSTER  daesang Adidas Singapura #DEBAT,0,0,0,0,in,1637841258231271424,1735508271484854668,Ganjar_Mahfud03,https://twitter.com/Ganjar_Mahfud03/status/1735508271484854668
220,Fri Dec 15 03:53:07 +0000 2023,1735508259623334079,@Chaves1305 @aniesbaswedan @Fahrihamzah @Gerindra @datuakrajoangek Fitnah apa fakta ayo jgn d bolak balik Apa yg d sampekan pak anies ya fakta sebenarnya  Coba sebutkan dimana letak fitnahnya bisa sebutkan ga dgn data ??,0,0,0,0,in,1118818741570064384,1735186066452398174,ukhtielya,https://twitter.com/ukhtielya/status/1735508259623334079
221,Fri Dec 15 03:53:07 +0000 2023,1735508258000142498,Kisah Michael Hart Pria Yahudi Amerika Diprotes dan Ditentang Saat Umumkan Nama Nabi Muhammad saat Kuliah Umum di London  Pagii Anies Ulama Gacoan Adidas Ordal Semalem Uncrush Kodai Daesang  https://t.co/EekwJ7NlBY,0,0,0,0,in,1427100049125765124,1735508258000142498,berjayanews,https://twitter.com/berjayanews/status/1735508258000142498
222,Fri Dec 15 03:53:07 +0000 2023,1735508257995980812,INFO SLOT GACOR HARI INI  Link slot gacor: https://t.co/cF08P0nrsj  olivia Anies Prime Video Daesang Karina Dana #JumatBerkah Mahito Molly Islam Angin Dieng https://t.co/JaBRoF1CzK,0,0,0,0,in,737383555,1735508257995980812,gacor125r,https://twitter.com/gacor125r/status/1735508257995980812
223,Fri Dec 15 03:53:01 +0000 2023,1735508233757085785,"@KantalDKintil @bukanasamgaram Liat rekam jejak pas jd gubernur aja,sebutin HRS dapet apa dr pak Anies??",0,1,0,0,in,1614184977125736449,1735279920564392363,jjockay,https://twitter.com/jjockay/status/1735508233757085785
224,Fri Dec 15 03:52:59 +0000 2023,1735508224802181285,Manteb emang menteri yg baru ini klo yg lama kan korupsi dari kader nasdem yg skrng dukung anies,0,0,0,1,in,2459065278,1735508224802181285,polisiolahraga,https://twitter.com/polisiolahraga/status/1735508224802181285
225,Fri Dec 15 03:52:49 +0000 2023,1735508180447510588,Pagi ini Jumat 15 Desember 2023 pak Anies bersama Disabilitas...pada hari ini Para Disabilitas Se-jabodetabek gaungkan Anies presiden 2024 di Islamic CENTER kota Bekasi https://t.co/Pv68DqcYvr,1,0,14,32,in,1456283686312103939,1735508180447510588,Yurissa_Samosir,https://twitter.com/Yurissa_Samosir/status/1735508180447510588
226,Fri Dec 15 03:52:46 +0000 2023,1735508170577961358,"Analisis Linguistik dari Ekspresi dan Gaya Bicara Anies, Prabowo, dan Ganjar dalam Debat Perdana  https://t.co/G8qxxHmsuw https://t.co/G8qxxHmsuw",0,0,0,0,in,1636627729675337734,1735508170577961358,posaktualcom,https://twitter.com/posaktualcom/status/1735508170577961358
227,Fri Dec 15 03:52:40 +0000 2023,1735508146561651189,"narasi sesat, pas anies jadi gub jakarta emang DKI jd ibukota syariah islam?  justru kota ramah bagi seluruh pemeluk agama yg ga memelihara kebencian, lihat rekam jejak prestasi &amp  sumbangsih pak anies. jgn ketipu narasi islamophobia mcm itu.",0,0,0,0,in,1469641614289031171,1735508146561651189,bullzshiit,https://twitter.com/bullzshiit/status/1735508146561651189
228,Fri Dec 15 03:52:39 +0000 2023,1735508141402677470,"@herculep638 Lagian itu Anis ko, bukan Anies.... Awokwokwokwok",0,0,0,0,in,1718947848639963137,1735265561335251152,edwinesawin,https://twitter.com/edwinesawin/status/1735508141402677470
229,Fri Dec 15 03:52:37 +0000 2023,1735508132074549607,"Yang ajaib adalah, mereka yg paling keras menolak Rizieq (dan asosiasinya ke Anies) adalah yg biasanya paling lantang pencitraan progresip: Peduli kebebasan berekspresi, demokrasi, HAM, Hak Minoritas.  Lha loe mau diseriusi bicara Hak Minoritas ‚Äî tapi seenaknya menolak Hak orang?",0,3,5,2,in,753553855,1735508132074549607,_haye_,https://twitter.com/_haye_/status/1735508132074549607
230,Fri Dec 15 03:52:29 +0000 2023,1735508096456478927,"AB merespons pengumuman Rakernas NasDem ini dengan apresiasi yang baik. GP tetap diam. Teuku Umar dingin-dingin saja.  Gondangdia juga tawarkan Ganjar-Anies ini ke Pak Lurah. Pak Lurah janjikan jawaban beberapa waktu kemudian, kalau tak salah sebulan dua bulan.",0,1,0,0,in,71173287,1735504960933232708,arfibambani,https://twitter.com/arfibambani/status/1735508096456478927
231,Fri Dec 15 03:52:28 +0000 2023,1735508096112578607,Cek Link di bio #pionbet #pakarprofitpionbet   tag || olivia Daesang Gacoan BATTER UP 100M VIEWS gempa Surabaya Anies Dana 40% SETIAP HARI First Lady pilihan terbaik || https://t.co/j4OvJdBHGS,0,0,0,0,in,1725196400580050945,1735508096112578607,bungafrizka,https://twitter.com/bungafrizka/status/1735508096112578607
232,Fri Dec 15 03:52:24 +0000 2023,1735508075900252455,@sobat_anies @PartaiSocmed Bener2 jadi akun bayaran dia sekarang @PartaiSocmed haha Toloool!,0,0,0,0,in,2547780962,1735286126708150534,R_Godanggg,https://twitter.com/R_Godanggg/status/1735508075900252455
233,Fri Dec 15 03:52:21 +0000 2023,1735508065737466296,"@ekowboy2 Semakin mendekati pilpres semakin banyak dukungan terhadap pasangan AMIN.  Hanya Anies Baswedan sosok yang tepat untuk menjadi seorang presiden, cerdas tegas jujur berani berwibawa tanggungjawab dan merakyat. Kalo gak sekarang kapan lagi punya presiden seperti pak Anies https://t.co/VY2cmhFrBt",0,0,0,0,in,1692179639660412928,1735200243590037933,hendrsunndr,https://twitter.com/hendrsunndr/status/1735508065737466296
234,Fri Dec 15 03:52:20 +0000 2023,1735508058812580231,"@neohistoria_id Tinggal si Anies mau nggak menjalankan fakta integritas dari 2 poin tersebut atau tidak semua ditangan Anies sebagai capres,cabut undang-undang itu atau tetap dijalankan",0,1,0,0,in,1289830915657461760,1735506670510571999,Hamdiirawan17,https://twitter.com/Hamdiirawan17/status/1735508058812580231
235,Fri Dec 15 03:52:11 +0000 2023,1735508023714713608,"@_haye_ ini berlaku jg utk menilai kubu Ganjar dn Anies, di bagian mana dari vismis mrk, yg scr legitimate bs kt sandingkan dgn nazisme, apartheid, dn islamisme ala ISIS dlm satu kalimat",0,0,0,0,in,1141903688782340096,1735504687640768532,LawrenceofTakor,https://twitter.com/LawrenceofTakor/status/1735508023714713608
236,Fri Dec 15 03:52:09 +0000 2023,1735508014185185386,"@ch_chotimah2 Dulu Mas @ch_chotimah2 ini anti Abud Anies. Krn jagoannya sama2 nyungsep, sekarang muji2 Wan Abud. Duh...",0,0,0,1,in,1641854669139111936,1735498642625310834,AbdiKabayan,https://twitter.com/AbdiKabayan/status/1735508014185185386
237,Fri Dec 15 03:52:04 +0000 2023,1735507992093864278,Anies keras banget ternyata pukulannya üòÇ https://t.co/LfoHPIoZ2o,0,0,0,0,in,1586394856393691136,1735507992093864278,arsaojokesusu,https://twitter.com/arsaojokesusu/status/1735507992093864278
238,Fri Dec 15 03:51:56 +0000 2023,1735507958111600660,Apakah rasa keadilan bisa ditimbang dengan ini ? üôè  https://t.co/UiB8EwsAh3  #mainankayu Anies Daesang Gacoan Angin Ordal Karina #BABYMONSTER #DebatCapres Ginting First Lady Semalem Dieng No 1 No 2 No 3 Kodai Putus Pagii aika.edutoys montessori anak pilih mainan lokal edukasi üáÆüá©,0,0,0,0,in,1625664408,1735507958111600660,aikatoys,https://twitter.com/aikatoys/status/1735507958111600660
239,Fri Dec 15 03:51:55 +0000 2023,1735507956723261488,Jawaban anies kok mutrr muter .seperti tong syetan.?,0,0,0,0,in,1537459309272920066,1735507956723261488,SiswadiNurhuda,https://twitter.com/SiswadiNurhuda/status/1735507956723261488
240,Fri Dec 15 03:51:51 +0000 2023,1735507937060442140,"Prabowo Diserang Tentang Permasalahan Oposisi Dalam Debat Pertama Calon Presiden, Budiman Sudjatmiko: Anies Terlalu Arogan dan Lancang  https://t.co/8NTbizF8q0",0,0,0,0,in,1664140286094868481,1735507937060442140,twitTigaaksara,https://twitter.com/twitTigaaksara/status/1735507937060442140
241,Fri Dec 15 03:51:49 +0000 2023,1735507930550858081,@apostiera kayaknya pak Anies mngkin akan hadir.. dan bakalan muncul pertanyaan balik dr beliau untuk komisioner + dewas KPK soal skandal¬≤ dan tidak adanya integritas pimpinan KPK sendiri ü§£,0,0,0,0,in,3292015213,1735300083435061287,abdigama,https://twitter.com/abdigama/status/1735507930550858081
242,Fri Dec 15 03:51:48 +0000 2023,1735507927119933675,@Hasbil_Lbs Siap.... Tapi dulu 2019 skrg ada yg LBH hebat Pa Anies Baswedan yu Amin kan 2024,0,0,0,0,in,551579734,1735287753276109220,Abu_Nafstami,https://twitter.com/Abu_Nafstami/status/1735507927119933675
243,Fri Dec 15 03:51:46 +0000 2023,1735507919813349526,PREDIKSI TOGEL CHINA POOLS ‚Äì 15 DESEMBER 2023  AM : 9 7 6 3 0 CB 2D : 7 &amp  9 TOP 4D : 3017*0791*7103*9713 TOP 3D : 971*397*379*713*139 TOP 2D : 17*97*19*37*13*71 SHIO : AYAM TWINS : 11  #chinapools #togelonline #datatogel #yupitoto #bandartogelterpercaya #angkajitu #anies #prabowo https://t.co/06dhpHx764,0,0,0,0,in,1564996124397580289,1735507919813349526,yupitoto,https://twitter.com/yupitoto/status/1735507919813349526
244,Fri Dec 15 03:51:45 +0000 2023,1735507914423783906,@IrawanRommi @g1taman @ajengcute16__ @99propaganda @Kimberley_2024 @Tjel0up @Bank_Joee_ @Ndons_Back @bengkeldodo Kasihan anda ya. Pak Anies nggak pernah bilang saya tidak takut tidak punya jabatan tapi nyalon tiap pemilu üòÄüòÄüòÄ,0,0,0,0,in,1681662335893528577,1735299420160471255,Campaga591260,https://twitter.com/Campaga591260/status/1735507914423783906
245,Fri Dec 15 03:51:43 +0000 2023,1735507903405302014,"Atas dasar skill beliau yg sulit ditandingi ini, maka Pak Anies sangat cocok untuk kita pilih.  . Sebagai jubir presiden.",0,0,1,2,in,1618934034,1735507903405302014,AhlulQohwah,https://twitter.com/AhlulQohwah/status/1735507903405302014